,ID,SEASON,CITY,CITY_Corrrected,TEAM1,TEAM1_MODEL,TEAM2,TEAM2_MODEL,TOSS_WINNER,TOSS_DECISION,RESULT,WINNER,WIN_BY_RUNS,TOSS_WINNER_MODEL,WINNER_MODEL,TOSS_DECISION_MODEL,CITY_MODEL,TEAM1_WIN_RATE,TEAM2_WIN_RATE
0,60,2008,Bangalore,RCB,KKR,1,RCB,0,RCB,field,normal,KKR,140,0,1,0,0,0,0
1,61,2008,Chandigarh,KXIP,CSK,1,KXIP,0,CSK,bat,normal,CSK,33,1,1,1,0,0,0
2,62,2008,Delhi,DD,DD,1,RR,0,RR,bat,normal,DD,0,0,1,1,1,0,0
3,63,2008,Mumbai,MI,RCB,1,MI,0,MI,bat,normal,RCB,0,0,1,1,0,0,0
4,64,2008,Kolkata,KKR,KKR,1,SRH,0,SRH,bat,normal,KKR,0,0,1,1,1,1,0
5,65,2008,Jaipur,RR,RR,1,KXIP,0,KXIP,bat,normal,RR,0,0,1,1,1,0,0
6,66,2008,Hyderabad,SRH,DD,1,SRH,0,SRH,bat,normal,DD,0,0,1,1,0,1,0
7,67,2008,Chennai,CSK,CSK,1,MI,0,MI,field,normal,CSK,6,0,1,0,1,1,0
8,68,2008,Hyderabad,SRH,RR,1,SRH,0,RR,field,normal,RR,0,1,1,0,0,0.5,0
9,69,2008,Chandigarh,KXIP,KXIP,1,MI,0,MI,field,normal,KXIP,66,0,1,0,1,0,0
10,70,2008,Bangalore,RCB,RR,1,RCB,0,RR,field,normal,RR,0,1,1,0,0,0.666666667,0.5
11,71,2008,Chennai,CSK,CSK,1,KKR,0,KKR,bat,normal,CSK,0,0,1,1,1,1,1
12,72,2008,Mumbai,MI,MI,1,SRH,0,SRH,field,normal,SRH,0,0,0,0,1,0,0
13,73,2008,Chandigarh,KXIP,DD,1,KXIP,0,DD,bat,normal,KXIP,0,1,0,1,0,1,0.333333333
14,74,2008,Bangalore,RCB,CSK,1,RCB,0,CSK,bat,normal,CSK,13,1,1,1,0,1,0.333333333
15,75,2008,Kolkata,KKR,KKR,1,MI,0,KKR,bat,normal,MI,0,1,0,1,1,0.666666667,0
16,76,2008,Delhi,DD,DD,1,RCB,0,RCB,field,normal,DD,10,0,1,0,1,0.666666667,0.25
17,77,2008,Hyderabad,SRH,SRH,1,KXIP,0,KXIP,field,normal,KXIP,0,0,0,0,1,0.25,0.5
18,78,2008,Jaipur,RR,RR,1,KKR,0,RR,bat,normal,RR,45,1,1,1,1,0.75,0.5
19,79,2008,Chennai,CSK,CSK,1,DD,0,CSK,bat,normal,DD,0,1,0,1,1,1,0.75
20,80,2008,Hyderabad,SRH,SRH,1,RCB,0,SRH,bat,normal,RCB,0,1,0,1,1,0.2,0.2
21,81,2008,Chandigarh,KXIP,KXIP,1,KKR,0,KXIP,bat,normal,KXIP,9,1,1,1,1,0.6,0.4
22,82,2008,Mumbai,MI,MI,1,DD,0,DD,field,normal,MI,29,0,1,0,1,0.2,0.8
23,83,2008,Jaipur,RR,CSK,1,RR,0,CSK,bat,normal,RR,0,1,0,1,0,0.8,0.8
24,84,2008,Bangalore,RCB,RCB,1,KXIP,0,KXIP,field,normal,KXIP,0,0,0,0,1,0.333333333,0.666666667
25,85,2008,Chennai,CSK,CSK,1,SRH,0,SRH,field,normal,SRH,0,0,0,0,1,0.666666667,0.166666667
26,86,2008,Mumbai,MI,RR,1,MI,0,MI,field,normal,MI,0,0,0,0,0,0.833333333,0.333333333
27,87,2008,Delhi,DD,DD,1,CSK,0,CSK,field,normal,CSK,0,0,0,0,1,0.666666667,0.571428571
28,88,2008,Kolkata,KKR,KKR,1,RCB,0,KKR,bat,normal,KKR,5,1,1,1,1,0.333333333,0.285714286
29,89,2008,Jaipur,RR,SRH,1,RR,0,RR,field,normal,RR,0,0,0,0,0,0.285714286,0.714285714
30,90,2008,Bangalore,RCB,RCB,1,MI,0,MI,field,normal,MI,0,0,0,0,1,0.25,0.428571429
31,91,2008,Chennai,CSK,CSK,1,KXIP,0,KXIP,field,normal,CSK,18,0,1,0,1,0.625,0.714285714
32,92,2008,Hyderabad,SRH,KKR,1,SRH,0,KKR,bat,normal,KKR,23,1,1,1,0,0.428571429,0.25
33,93,2008,Jaipur,RR,DD,1,RR,0,RR,field,normal,RR,0,0,0,0,0,0.571428571,0.75
34,94,2008,Chandigarh,KXIP,RCB,1,KXIP,0,RCB,bat,normal,KXIP,0,1,0,1,0,0.222222222,0.625
35,95,2008,Kolkata,KKR,KKR,1,DD,0,KKR,bat,normal,KKR,23,1,1,1,1,0.5,0.5
36,96,2008,Mumbai,MI,CSK,1,MI,0,MI,field,normal,MI,0,0,0,0,0,0.666666667,0.5
37,97,2008,Chandigarh,KXIP,KXIP,1,RR,0,RR,field,normal,KXIP,41,0,1,0,1,0.666666667,0.777777778
38,98,2008,Delhi,DD,DD,1,SRH,0,SRH,field,normal,DD,12,0,1,0,1,0.444444444,0.222222222
39,99,2008,Mumbai,MI,KKR,1,MI,0,MI,field,normal,MI,0,0,0,0,0,0.555555556,0.555555556
40,100,2008,Delhi,DD,DD,1,KXIP,0,DD,bat,normal,KXIP,6,1,0,1,1,0.5,0.7
41,101,2008,Jaipur,RR,RR,1,RCB,0,RCB,field,normal,RR,65,0,1,0,1,0.7,0.2
42,102,2008,Hyderabad,SRH,MI,1,SRH,0,SRH,field,normal,MI,25,0,1,0,0,0.6,0.2
43,103,2008,Kolkata,KKR,KKR,1,CSK,0,KKR,bat,normal,CSK,3,1,0,1,1,0.5,0.6
44,104,2008,Bangalore,RCB,RCB,1,DD,0,DD,field,normal,DD,0,0,0,0,1,0.181818182,0.454545455
45,105,2008,Kolkata,KKR,KKR,1,RR,0,RR,field,normal,RR,0,0,0,0,1,0.454545455,0.727272727
46,106,2008,Mumbai,MI,KXIP,1,MI,0,MI,field,normal,KXIP,1,0,1,0,0,0.727272727,0.636363636
47,107,2008,Chennai,CSK,RCB,1,CSK,0,RCB,bat,normal,RCB,14,1,1,1,0,0.166666667,0.636363636
48,108,2008,Chandigarh,KXIP,SRH,1,KXIP,0,KXIP,field,normal,KXIP,0,0,0,0,0,0.181818182,0.75
49,109,2008,Delhi,DD,MI,1,DD,0,DD,field,normal,DD,0,0,0,0,0,0.583333333,0.5
50,110,2008,Chennai,CSK,RR,1,CSK,0,RR,bat,normal,RR,10,1,1,1,0,0.75,0.583333333
51,111,2008,Bangalore,RCB,RCB,1,SRH,0,SRH,field,normal,RCB,3,0,1,0,1,0.230769231,0.166666667
52,112,2008,Kolkata,KKR,KXIP,1,KKR,0,KXIP,bat,normal,KKR,0,1,0,1,0,0.769230769,0.416666667
53,113,2008,Jaipur,RR,MI,1,RR,0,RR,field,normal,RR,0,0,0,0,0,0.538461538,0.769230769
54,114,2008,Hyderabad,SRH,SRH,1,CSK,0,SRH,bat,normal,CSK,0,1,0,1,1,0.153846154,0.538461538
55,115,2008,Mumbai,MI,RR,1,DD,0,DD,field,normal,RR,105,0,1,0,2,0.785714286,0.538461538
56,116,2008,Mumbai,MI,KXIP,1,CSK,0,KXIP,bat,normal,CSK,0,1,0,1,2,0.714285714,0.571428571
57,117,2008,Mumbai,MI,CSK,1,RR,0,RR,field,normal,RR,0,0,0,0,2,0.6,0.8
58,118,2009,Cape Town,Cape Town,MI,1,CSK,0,CSK,field,normal,MI,19,0,1,0,2,0.5,0.5625
59,119,2009,Cape Town,Cape Town,RCB,1,RR,0,RCB,bat,normal,RCB,75,1,1,1,2,0.285714286,0.8125
60,120,2009,Cape Town,Cape Town,KXIP,1,DD,0,DD,field,normal,DD,0,0,0,0,2,0.666666667,0.5
61,121,2009,Cape Town,Cape Town,KKR,1,SRH,0,KKR,bat,normal,SRH,0,1,0,1,2,0.461538462,0.142857143
62,122,2009,Port Elizabeth,Port Elizabeth,CSK,1,RCB,0,CSK,bat,normal,CSK,92,1,1,1,2,0.529411765,0.333333333
63,123,2009,Durban,Durban,KXIP,1,KKR,0,KKR,field,normal,KKR,11,0,0,0,2,0.625,0.428571429
64,124,2009,Cape Town,Cape Town,SRH,1,RCB,0,SRH,bat,normal,SRH,24,1,1,1,2,0.2,0.3125
65,125,2009,Durban,Durban,DD,1,CSK,0,DD,bat,normal,DD,9,1,1,1,2,0.533333333,0.555555556
66,126,2009,Cape Town,Cape Town,RR,1,KKR,0,KKR,field,tie,RR,0,0,1,0,2,0.764705882,0.466666667
67,127,2009,Durban,Durban,RCB,1,KXIP,0,RCB,bat,normal,KXIP,0,1,0,1,2,0.294117647,0.588235294
68,128,2009,Durban,Durban,SRH,1,MI,0,SRH,bat,normal,SRH,12,1,1,1,2,0.25,0.533333333
69,129,2009,Port Elizabeth,Port Elizabeth,RCB,1,DD,0,RCB,bat,normal,DD,0,1,0,1,2,0.277777778,0.5625
70,130,2009,Cape Town,Cape Town,KXIP,1,RR,0,KXIP,bat,normal,KXIP,27,1,1,1,2,0.611111111,0.777777778
71,131,2009,Durban,Durban,CSK,1,SRH,0,SRH,field,normal,SRH,0,0,0,0,2,0.526315789,0.294117647
72,132,2009,Port Elizabeth,Port Elizabeth,MI,1,KKR,0,MI,bat,normal,MI,92,1,1,1,2,0.5,0.4375
73,133,2009,Centurion,Centurion,DD,1,RR,0,DD,bat,normal,RR,0,1,0,1,2,0.588235294,0.736842105
74,134,2009,Durban,Durban,KKR,1,RCB,0,KKR,bat,normal,RCB,0,1,0,1,2,0.411764706,0.263157895
75,135,2009,Durban,Durban,KXIP,1,MI,0,KXIP,bat,normal,KXIP,3,1,1,1,2,0.631578947,0.529411765
76,136,2009,Centurion,Centurion,SRH,1,DD,0,DD,field,normal,DD,0,0,0,0,2,0.333333333,0.555555556
77,137,2009,Centurion,Centurion,CSK,1,RR,0,RR,field,normal,CSK,38,0,1,0,2,0.5,0.75
78,138,2009,East London,East London,MI,1,KKR,0,MI,bat,normal,MI,9,1,1,1,2,0.5,0.388888889
79,139,2009,Durban,Durban,RCB,1,KXIP,0,RCB,bat,normal,RCB,8,1,1,1,2,0.3,0.65
80,140,2009,Port Elizabeth,Port Elizabeth,SRH,1,RR,0,SRH,bat,normal,RR,0,1,0,1,2,0.315789474,0.714285714
81,141,2009,Johannesburg,Johannesburg,CSK,1,DD,0,DD,field,normal,CSK,18,0,1,0,2,0.523809524,0.578947368
82,142,2009,Port Elizabeth,Port Elizabeth,KKR,1,KXIP,0,KKR,bat,normal,KXIP,0,1,0,1,2,0.368421053,0.619047619
83,143,2009,Johannesburg,Johannesburg,MI,1,RCB,0,MI,bat,normal,RCB,0,1,0,1,2,0.526315789,0.333333333
84,144,2009,East London,East London,CSK,1,SRH,0,CSK,bat,normal,CSK,78,1,1,1,2,0.545454545,0.3
85,145,2009,Durban,Durban,RR,1,KXIP,0,KXIP,field,normal,RR,78,0,1,0,2,0.727272727,0.636363636
86,146,2009,Durban,Durban,KKR,1,DD,0,KKR,bat,normal,DD,0,1,0,1,2,0.35,0.55
87,147,2009,Centurion,Centurion,SRH,1,MI,0,SRH,bat,normal,SRH,19,1,1,1,2,0.285714286,0.5
88,148,2009,Centurion,Centurion,RCB,1,RR,0,RR,field,normal,RR,0,0,0,0,2,0.363636364,0.739130435
89,149,2009,Centurion,Centurion,CSK,1,KXIP,0,CSK,bat,normal,CSK,12,1,1,1,2,0.565217391,0.608695652
90,150,2009,East London,East London,MI,1,DD,0,MI,bat,normal,DD,0,1,0,1,2,0.476190476,0.571428571
91,151,2009,Kimberley,Kimberley,SRH,1,KXIP,0,KXIP,field,normal,KXIP,0,0,0,0,2,0.318181818,0.583333333
92,152,2009,Kimberley,Kimberley,RR,1,CSK,0,RR,bat,normal,CSK,0,1,0,1,2,0.75,0.583333333
93,153,2009,Port Elizabeth,Port Elizabeth,MI,1,RCB,0,MI,bat,normal,MI,16,1,1,1,2,0.454545455,0.347826087
94,154,2009,Johannesburg,Johannesburg,KKR,1,DD,0,DD,field,normal,DD,0,0,0,0,2,0.333333333,0.590909091
95,155,2009,Kimberley,Kimberley,SRH,1,RR,0,SRH,bat,normal,SRH,53,1,1,1,2,0.304347826,0.72
96,156,2009,Centurion,Centurion,KKR,1,RCB,0,RCB,field,normal,RCB,0,0,0,0,2,0.318181818,0.333333333
97,157,2009,Centurion,Centurion,KXIP,1,MI,0,KXIP,bat,normal,MI,0,1,0,1,2,0.6,0.47826087
98,158,2009,Durban,Durban,DD,1,SRH,0,SRH,field,normal,DD,12,0,1,0,2,0.608695652,0.333333333
99,159,2009,Durban,Durban,CSK,1,RCB,0,CSK,bat,normal,RCB,0,1,0,1,2,0.6,0.36
100,160,2009,Durban,Durban,RR,1,MI,0,RR,bat,normal,RR,2,1,1,1,2,0.692307692,0.5
101,161,2009,Bloemfontein,Bloemfontein,DD,1,KXIP,0,KXIP,field,normal,KXIP,0,0,0,0,2,0.625,0.576923077
102,162,2009,Port Elizabeth,Port Elizabeth,MI,1,CSK,0,MI,bat,normal,CSK,0,1,0,1,2,0.48,0.576923077
103,163,2009,Johannesburg,Johannesburg,KKR,1,SRH,0,SRH,field,normal,SRH,0,0,0,0,2,0.304347826,0.32
104,164,2009,Johannesburg,Johannesburg,KXIP,1,SRH,0,SRH,field,normal,KXIP,1,0,1,0,2,0.592592593,0.346153846
105,165,2009,Bloemfontein,Bloemfontein,DD,1,RR,0,DD,bat,normal,DD,14,1,1,1,2,0.6,0.703703704
106,166,2009,Centurion,Centurion,CSK,1,KKR,0,CSK,bat,normal,KKR,0,1,0,1,2,0.592592593,0.291666667
107,167,2009,Johannesburg,Johannesburg,DD,1,RCB,0,DD,bat,normal,RCB,0,1,0,1,2,0.615384615,0.384615385
108,168,2009,Durban,Durban,RR,1,KKR,0,KKR,field,normal,KKR,0,0,0,0,2,0.678571429,0.32
109,169,2009,Durban,Durban,CSK,1,KXIP,0,CSK,bat,normal,CSK,24,1,1,1,2,0.571428571,0.607142857
110,170,2009,Centurion,Centurion,MI,1,DD,0,DD,field,normal,DD,0,0,0,0,2,0.461538462,0.592592593
111,171,2009,Centurion,Centurion,RCB,1,SRH,0,RCB,bat,normal,RCB,12,1,1,1,2,0.407407407,0.333333333
112,172,2009,Centurion,Centurion,DD,1,SRH,0,SRH,field,normal,SRH,0,0,0,0,2,0.607142857,0.321428571
113,173,2009,Johannesburg,Johannesburg,CSK,1,RCB,0,RCB,field,normal,RCB,0,0,0,0,2,0.586206897,0.428571429
114,174,2009,Johannesburg,Johannesburg,SRH,1,RCB,0,RCB,field,normal,SRH,6,0,1,0,2,0.344827586,0.448275862
115,175,2010,Mumbai,MI,KKR,1,SRH,0,SRH,field,normal,KKR,11,0,1,0,2,0.346153846,0.366666667
116,176,2010,Mumbai,MI,MI,1,RR,0,MI,bat,normal,MI,4,1,1,1,1,0.444444444,0.655172414
117,177,2010,Chandigarh,KXIP,KXIP,1,DD,0,DD,field,normal,DD,0,0,0,0,1,0.586206897,0.586206897
118,178,2010,Kolkata,KKR,RCB,1,KKR,0,KKR,field,normal,KKR,0,0,0,0,0,0.433333333,0.37037037
119,179,2010,Chennai,CSK,SRH,1,CSK,0,SRH,bat,normal,SRH,31,1,1,1,0,0.35483871,0.566666667
120,180,2010,Ahmedabad,Ahmedabad,RR,1,DD,0,DD,field,normal,DD,0,0,0,0,2,0.633333333,0.6
121,181,2010,Bangalore,RCB,KXIP,1,RCB,0,KXIP,bat,normal,RCB,0,1,0,1,0,0.566666667,0.419354839
122,182,2010,Kolkata,KKR,CSK,1,KKR,0,CSK,bat,normal,CSK,55,1,1,1,0,0.548387097,0.392857143
123,183,2010,Delhi,DD,MI,1,DD,0,DD,field,normal,MI,98,0,1,0,0,0.464285714,0.612903226
124,184,2010,Bangalore,RCB,RR,1,RCB,0,RCB,field,normal,RCB,0,0,0,0,0,0.612903226,0.4375
125,185,2010,Delhi,DD,DD,1,CSK,0,DD,bat,normal,CSK,0,1,0,1,1,0.59375,0.5625
126,186,2010,Cuttack,Cuttack,SRH,1,KXIP,0,KXIP,field,normal,SRH,6,0,1,0,2,0.375,0.548387097
127,187,2010,Ahmedabad,Ahmedabad,RR,1,KKR,0,RR,bat,normal,RR,34,1,1,1,2,0.59375,0.379310345
128,188,2010,Mumbai,MI,MI,1,RCB,0,MI,bat,normal,RCB,0,1,0,1,1,0.482758621,0.454545455
129,189,2010,Cuttack,Cuttack,SRH,1,DD,0,SRH,bat,normal,SRH,10,1,1,1,2,0.393939394,0.575757576
130,190,2010,Chennai,CSK,KXIP,1,CSK,0,CSK,field,tie,KXIP,0,0,1,0,0,0.53125,0.575757576
131,191,2010,Mumbai,MI,KKR,1,MI,0,KKR,bat,normal,MI,0,1,0,1,0,0.366666667,0.466666667
132,192,2010,Bangalore,RCB,RCB,1,CSK,0,CSK,field,normal,RCB,36,0,1,0,1,0.470588235,0.558823529
133,193,2010,Chandigarh,KXIP,RR,1,KXIP,0,KXIP,field,normal,RR,31,0,1,0,0,0.606060606,0.545454545
134,194,2010,Mumbai,MI,CSK,1,MI,0,MI,field,normal,MI,0,0,0,0,0,0.542857143,0.483870968
135,195,2010,Ahmedabad,Ahmedabad,SRH,1,RR,0,SRH,bat,normal,RR,0,1,0,1,2,0.411764706,0.617647059
136,196,2010,Chandigarh,KXIP,KKR,1,KXIP,0,KKR,bat,normal,KKR,39,1,1,1,0,0.35483871,0.529411765
137,197,2010,Bangalore,RCB,DD,1,RCB,0,RCB,field,normal,DD,17,0,1,0,0,0.558823529,0.485714286
138,198,2010,Ahmedabad,Ahmedabad,RR,1,CSK,0,RR,bat,normal,RR,17,1,1,1,2,0.628571429,0.527777778
139,199,2010,Mumbai,MI,MI,1,SRH,0,SRH,field,normal,MI,41,0,1,0,1,0.5,0.4
140,200,2010,Delhi,DD,DD,1,KKR,0,DD,bat,normal,DD,40,1,1,1,1,0.571428571,0.375
141,201,2010,Mumbai,MI,KXIP,1,MI,0,MI,field,normal,MI,0,0,0,0,0,0.514285714,0.515151515
142,202,2010,Chennai,CSK,RCB,1,CSK,0,RCB,bat,normal,CSK,0,1,0,1,0,0.472222222,0.513513514
143,203,2010,Delhi,DD,DD,1,RR,0,DD,bat,normal,DD,67,1,1,1,1,0.583333333,0.638888889
144,204,2010,Kolkata,KKR,KKR,1,SRH,0,KKR,bat,normal,KKR,24,1,1,1,1,0.363636364,0.388888889
145,205,2010,Chandigarh,KXIP,KXIP,1,RCB,0,KXIP,bat,normal,RCB,0,1,0,1,1,0.5,0.459459459
146,206,2010,Chennai,CSK,CSK,1,RR,0,CSK,bat,normal,CSK,23,1,1,1,1,0.526315789,0.621621622
147,207,2010,Mumbai,MI,MI,1,SRH,0,MI,bat,normal,MI,63,1,1,1,1,0.529411765,0.378378378
148,208,2010,Kolkata,KKR,KKR,1,KXIP,0,KKR,bat,normal,KXIP,0,1,0,1,1,0.382352941,0.486486486
149,209,2010,Delhi,DD,DD,1,RCB,0,DD,bat,normal,DD,37,1,1,1,1,0.594594595,0.473684211
150,210,2010,Nagpur,Nagpur,RR,1,SRH,0,RR,bat,normal,RR,2,1,1,1,2,0.605263158,0.368421053
151,211,2010,Chennai,CSK,CSK,1,MI,0,CSK,bat,normal,CSK,24,1,1,1,1,0.538461538,0.542857143
152,212,2010,Jaipur,RR,KXIP,1,RR,0,KXIP,bat,normal,RR,0,1,0,1,0,0.5,0.615384615
153,213,2010,Kolkata,KKR,KKR,1,DD,0,KKR,bat,normal,KKR,14,1,1,1,1,0.371428571,0.605263158
154,214,2010,Bangalore,RCB,RCB,1,SRH,0,SRH,field,normal,SRH,0,0,0,0,1,0.461538462,0.358974359
155,215,2010,Chandigarh,KXIP,MI,1,KXIP,0,MI,bat,normal,KXIP,0,1,0,1,0,0.527777778,0.487179487
156,216,2010,Nagpur,Nagpur,CSK,1,SRH,0,CSK,bat,normal,SRH,0,1,0,1,2,0.55,0.375
157,217,2010,Bangalore,RCB,KKR,1,RCB,0,RCB,field,normal,RCB,0,0,0,0,0,0.388888889,0.45
158,218,2010,Delhi,DD,DD,1,KXIP,0,DD,bat,normal,KXIP,0,1,0,1,1,0.58974359,0.5
159,219,2010,Jaipur,RR,MI,1,RR,0,RR,field,normal,MI,37,0,1,0,0,0.513513514,0.625
160,220,2010,Nagpur,Nagpur,SRH,1,RCB,0,RCB,field,normal,SRH,13,0,1,0,2,0.390243902,0.463414634
161,221,2010,Mumbai,MI,MI,1,DD,0,MI,bat,normal,MI,39,1,1,1,1,0.526315789,0.575
162,222,2010,Chennai,CSK,KKR,1,CSK,0,KKR,bat,normal,CSK,0,1,0,1,0,0.378378378,0.536585366
163,223,2010,Jaipur,RR,RR,1,RCB,0,RR,bat,normal,RCB,0,1,0,1,1,0.609756098,0.452380952
164,224,2010,Chennai,CSK,CSK,1,DD,0,CSK,bat,normal,DD,0,1,0,1,1,0.547619048,0.56097561
165,225,2010,Dharamsala,Dharamsala,KXIP,1,SRH,0,SRH,field,normal,SRH,0,0,0,0,2,0.512195122,0.404761905
166,226,2010,Bangalore,RCB,MI,1,RCB,0,RCB,field,normal,MI,57,0,1,0,0,0.538461538,0.465116279
167,227,2010,Kolkata,KKR,RR,1,KKR,0,RR,bat,normal,KKR,0,1,0,1,0,0.595238095,0.368421053
168,228,2010,Dharamsala,Dharamsala,KXIP,1,CSK,0,CSK,field,normal,CSK,0,0,0,0,2,0.5,0.534883721
169,229,2010,Delhi,DD,SRH,1,DD,0,SRH,bat,normal,SRH,11,1,1,1,0,0.418604651,0.571428571
170,230,2010,Kolkata,KKR,MI,1,KKR,0,MI,bat,normal,KKR,0,1,0,1,0,0.55,0.384615385
171,231,2010,Mumbai,MI,MI,1,RCB,0,MI,bat,normal,MI,35,1,1,1,1,0.536585366,0.454545455
172,232,2010,Mumbai,MI,CSK,1,SRH,0,CSK,bat,normal,CSK,38,1,1,1,2,0.545454545,0.431818182
173,233,2010,Mumbai,MI,SRH,1,RCB,0,SRH,bat,normal,RCB,0,1,0,1,2,0.422222222,0.444444444
174,234,2010,Mumbai,MI,CSK,1,MI,0,CSK,bat,normal,CSK,22,1,1,1,0,0.555555556,0.547619048
175,235,2011,Chennai,CSK,CSK,1,KKR,0,CSK,bat,normal,CSK,2,1,1,1,1,0.565217391,0.4
176,236,2011,Hyderabad,SRH,SRH,1,RR,0,RR,field,normal,RR,0,0,0,0,1,0.413043478,0.581395349
177,237,2011,Kochi,Kochi,KTK,1,RCB,0,KTK,bat,normal,RCB,0,1,0,1,2,0,0.456521739
178,238,2011,Delhi,DD,DD,1,MI,0,DD,bat,normal,MI,0,1,0,1,1,0.558139535,0.534883721
179,239,2011,Mumbai,MI,KXIP,1,RPS,0,KXIP,bat,normal,RPS,0,1,0,1,2,0.488372093,0
180,240,2011,Kolkata,KKR,KKR,1,SRH,0,KKR,bat,normal,KKR,9,1,1,1,1,0.390243902,0.404255319
181,241,2011,Jaipur,RR,DD,1,RR,0,DD,bat,normal,RR,0,1,0,1,0,0.545454545,0.590909091
182,242,2011,Bangalore,RCB,RCB,1,MI,0,MI,field,normal,MI,0,0,0,0,1,0.468085106,0.545454545
183,243,2011,Chandigarh,KXIP,CSK,1,KXIP,0,KXIP,field,normal,KXIP,0,0,0,0,0,0.574468085,0.477272727
184,244,2011,Mumbai,MI,KTK,1,RPS,0,KTK,bat,normal,RPS,0,1,0,1,2,0,1
185,245,2011,Hyderabad,SRH,SRH,1,RCB,0,RCB,field,normal,SRH,33,0,1,0,1,0.395833333,0.458333333
186,246,2011,Jaipur,RR,RR,1,KKR,0,KKR,field,normal,KKR,0,0,0,0,1,0.6,0.404761905
187,247,2011,Mumbai,MI,MI,1,KTK,0,KTK,field,normal,KTK,0,0,0,0,1,0.555555556,0
188,248,2011,Chennai,CSK,CSK,1,RCB,0,CSK,bat,normal,CSK,21,1,1,1,1,0.5625,0.448979592
189,249,2011,Hyderabad,SRH,SRH,1,KXIP,0,KXIP,field,normal,KXIP,0,0,0,0,1,0.408163265,0.488888889
190,250,2011,Mumbai,MI,RPS,1,DD,0,DD,field,normal,DD,0,0,0,0,2,1,0.533333333
191,251,2011,Kolkata,KKR,RR,1,KKR,0,KKR,field,normal,KKR,0,0,0,0,0,0.586956522,0.418604651
192,252,2011,Kochi,Kochi,CSK,1,KTK,0,KTK,field,normal,KTK,0,0,0,0,2,0.571428571,0.333333333
193,253,2011,Delhi,DD,SRH,1,DD,0,SRH,bat,normal,SRH,16,1,1,1,0,0.4,0.543478261
194,254,2011,Mumbai,MI,RPS,1,MI,0,RPS,bat,normal,MI,0,1,0,1,0,0.666666667,0.543478261
195,255,2011,Kolkata,KKR,KTK,1,KKR,0,KKR,field,normal,KTK,6,0,1,0,0,0.5,0.431818182
196,256,2011,Chandigarh,KXIP,KXIP,1,RR,0,RR,field,normal,KXIP,48,0,1,0,1,0.5,0.574468085
197,257,2011,Mumbai,MI,MI,1,CSK,0,CSK,field,normal,MI,8,0,1,0,1,0.553191489,0.56
198,258,2011,Kolkata,KKR,KKR,1,RCB,0,RCB,field,normal,RCB,0,0,0,0,1,0.422222222,0.44
199,259,2011,Delhi,DD,DD,1,KXIP,0,KXIP,field,normal,DD,29,0,1,0,1,0.531914894,0.510638298
200,260,2011,Hyderabad,SRH,MI,1,SRH,0,SRH,field,normal,MI,37,0,1,0,0,0.5625,0.411764706
201,261,2011,Jaipur,RR,KTK,1,RR,0,RR,field,normal,RR,0,0,0,0,0,0.6,0.5625
202,262,2011,Chennai,CSK,CSK,1,RPS,0,RPS,field,normal,CSK,25,0,1,0,1,0.549019608,0.5
203,263,2011,Delhi,DD,DD,1,RCB,0,RCB,field,normal,RCB,0,0,0,0,1,0.541666667,0.450980392
204,264,2011,Mumbai,MI,RPS,1,CSK,0,RPS,bat,normal,CSK,0,1,0,1,2,0.4,0.557692308
205,265,2011,Kochi,Kochi,SRH,1,KTK,0,KTK,field,normal,SRH,55,0,1,0,2,0.403846154,0.5
206,266,2011,Delhi,DD,KKR,1,DD,0,DD,field,normal,KKR,17,0,1,0,0,0.413043478,0.530612245
207,267,2011,Jaipur,RR,MI,1,RR,0,RR,field,normal,RR,0,0,0,0,0,0.571428571,0.571428571
208,268,2011,Bangalore,RCB,RCB,1,RPS,0,RPS,field,normal,RCB,26,0,1,0,1,0.461538462,0.333333333
209,269,2011,Kochi,Kochi,DD,1,KTK,0,DD,bat,normal,DD,38,1,1,1,2,0.52,0.428571429
210,270,2011,Kolkata,KKR,KXIP,1,KKR,0,KKR,field,normal,KKR,0,0,0,0,0,0.5,0.425531915
211,271,2011,Jaipur,RR,RPS,1,RR,0,RR,field,normal,RR,0,0,0,0,0,0.285714286,0.58
212,272,2011,Chennai,CSK,CSK,1,SRH,0,CSK,bat,normal,CSK,19,1,1,1,1,0.566037736,0.41509434
213,273,2011,Mumbai,MI,MI,1,KXIP,0,KXIP,field,normal,MI,23,0,1,0,1,0.56,0.489795918
214,274,2011,Delhi,DD,DD,1,KTK,0,KTK,field,normal,KTK,0,0,0,0,1,0.529411765,0.375
215,275,2011,Hyderabad,SRH,KKR,1,SRH,0,SRH,field,normal,KKR,20,0,1,0,0,0.4375,0.407407407
216,276,2011,Chennai,CSK,RR,1,CSK,0,RR,bat,normal,CSK,0,1,0,1,0,0.588235294,0.574074074
217,277,2011,Mumbai,MI,MI,1,RPS,0,RPS,field,normal,MI,21,0,1,0,1,0.568627451,0.25
218,278,2011,Kochi,Kochi,KTK,1,KKR,0,KKR,field,normal,KTK,17,0,1,0,2,0.444444444,0.448979592
219,279,2011,Hyderabad,SRH,SRH,1,DD,0,DD,field,normal,DD,0,0,0,0,1,0.4,0.519230769
220,280,2011,Bangalore,RCB,RCB,1,KXIP,0,KXIP,field,normal,RCB,85,0,1,0,1,0.471698113,0.48
221,281,2011,Kolkata,KKR,CSK,1,KKR,0,CSK,bat,normal,KKR,10,1,0,1,0,0.581818182,0.44
222,282,2011,Mumbai,MI,MI,1,DD,0,DD,field,normal,MI,32,0,1,0,1,0.576923077,0.528301887
223,283,2011,Bangalore,RCB,KTK,1,RCB,0,KTK,bat,normal,RCB,0,1,0,1,0,0.5,0.481481481
224,284,2011,Chandigarh,KXIP,KXIP,1,RPS,0,KXIP,bat,normal,RPS,0,1,0,1,1,0.470588235,0.222222222
225,285,2011,Jaipur,RR,CSK,1,RR,0,RR,field,normal,CSK,63,0,1,0,0,0.571428571,0.576923077
226,286,2011,Hyderabad,SRH,SRH,1,RPS,0,SRH,bat,normal,RPS,0,1,0,1,1,0.392857143,0.3
227,287,2011,Chandigarh,KXIP,KXIP,1,MI,0,MI,field,normal,KXIP,76,0,1,0,1,0.461538462,0.58490566
228,288,2011,Jaipur,RR,RR,1,RCB,0,RCB,field,normal,RCB,0,0,0,0,1,0.566037736,0.490909091
229,289,2011,Chennai,CSK,CSK,1,DD,0,CSK,bat,normal,CSK,18,1,1,1,1,0.578947368,0.518518519
230,290,2011,Indore,Indore,KTK,1,KXIP,0,KXIP,field,normal,KXIP,0,0,0,0,2,0.454545455,0.471698113
231,291,2011,Bangalore,RCB,KKR,1,RCB,0,RCB,field,normal,RCB,0,0,0,0,0,0.450980392,0.5
232,292,2011,Mumbai,MI,SRH,1,MI,0,SRH,bat,normal,SRH,10,1,1,1,0,0.385964912,0.574074074
233,293,2011,Dharamsala,Dharamsala,KXIP,1,DD,0,DD,field,normal,KXIP,29,0,1,0,2,0.481481481,0.509090909
234,294,2011,Indore,Indore,RR,1,KTK,0,KTK,field,normal,KTK,0,0,0,0,2,0.555555556,0.416666667
235,295,2011,Mumbai,MI,RPS,1,SRH,0,SRH,field,normal,SRH,0,0,0,0,2,0.363636364,0.396551724
236,296,2011,Dharamsala,Dharamsala,KXIP,1,RCB,0,KXIP,bat,normal,KXIP,111,1,1,1,2,0.490909091,0.50877193
237,297,2011,Chennai,CSK,CSK,1,KTK,0,CSK,bat,normal,CSK,11,1,1,1,1,0.586206897,0.461538462
238,298,2011,Mumbai,MI,RPS,1,KKR,0,KKR,field,normal,KKR,0,0,0,0,2,0.333333333,0.442307692
239,299,2011,Mumbai,MI,MI,1,RR,0,MI,bat,normal,RR,0,1,0,1,1,0.563636364,0.545454545
240,300,2011,Dharamsala,Dharamsala,SRH,1,KXIP,0,KXIP,field,normal,SRH,82,0,1,0,2,0.406779661,0.5
241,303,2011,Kolkata,KKR,KKR,1,MI,0,MI,field,normal,MI,0,0,0,0,1,0.452830189,0.553571429
242,304,2011,Mumbai,MI,RCB,1,CSK,0,CSK,field,normal,CSK,0,0,0,0,2,0.5,0.593220339
243,305,2011,Mumbai,MI,KKR,1,MI,0,MI,field,normal,MI,0,0,0,0,0,0.444444444,0.561403509
244,306,2011,Chennai,CSK,RCB,1,MI,0,MI,field,normal,RCB,43,0,1,0,2,0.491525424,0.568965517
245,307,2011,Chennai,CSK,CSK,1,RCB,0,CSK,bat,normal,CSK,58,1,1,1,1,0.6,0.5
246,308,2012,Chennai,CSK,CSK,1,MI,0,MI,field,normal,MI,0,0,0,0,1,0.606557377,0.559322034
247,309,2012,Kolkata,KKR,KKR,1,DD,0,DD,field,normal,DD,0,0,0,0,1,0.436363636,0.5
248,310,2012,Mumbai,MI,RPS,1,MI,0,MI,field,normal,RPS,28,0,1,0,0,0.307692308,0.566666667
249,311,2012,Jaipur,RR,RR,1,KXIP,0,KXIP,field,normal,RR,31,0,1,0,1,0.553571429,0.49122807
250,312,2012,Bangalore,RCB,RCB,1,DD,0,DD,field,normal,RCB,20,0,1,0,1,0.491803279,0.50877193
251,313,2012,Visakhapatnam,Visakhapatnam,CSK,1,SRH,0,SRH,field,normal,CSK,74,0,1,0,2,0.596774194,0.416666667
252,314,2012,Jaipur,RR,RR,1,KKR,0,KKR,field,normal,RR,22,0,1,0,1,0.561403509,0.428571429
253,315,2012,Pune,RPS,RPS,1,KXIP,0,RPS,bat,normal,RPS,22,1,1,1,1,0.357142857,0.482758621
254,316,2012,Visakhapatnam,Visakhapatnam,SRH,1,MI,0,SRH,bat,normal,MI,0,1,0,1,2,0.409836066,0.557377049
255,317,2012,Bangalore,RCB,KKR,1,RCB,0,RCB,field,normal,KKR,42,0,1,0,0,0.421052632,0.5
256,318,2012,Delhi,DD,CSK,1,DD,0,DD,field,normal,DD,0,0,0,0,0,0.603174603,0.5
257,319,2012,Mumbai,MI,MI,1,RR,0,RR,field,normal,MI,27,0,1,0,1,0.564516129,0.568965517
258,320,2012,Chennai,CSK,RCB,1,CSK,0,RCB,bat,normal,CSK,0,1,0,1,0,0.492063492,0.59375
259,321,2012,Chandigarh,KXIP,RPS,1,KXIP,0,KXIP,field,normal,KXIP,0,0,0,0,0,0.4,0.474576271
260,322,2012,Kolkata,KKR,RR,1,KKR,0,RR,bat,normal,KKR,0,1,0,1,0,0.559322034,0.431034483
261,323,2012,Delhi,DD,SRH,1,DD,0,SRH,bat,normal,DD,0,1,0,1,0,0.403225806,0.508474576
262,324,2012,Pune,RPS,CSK,1,RPS,0,CSK,bat,normal,RPS,0,1,0,1,0,0.6,0.375
263,325,2012,Kolkata,KKR,KXIP,1,KKR,0,KKR,field,normal,KXIP,2,0,1,0,0,0.483333333,0.440677966
264,326,2012,Bangalore,RCB,RR,1,RCB,0,RR,bat,normal,RR,59,1,1,1,0,0.55,0.484375
265,327,2012,Mumbai,MI,MI,1,DD,0,DD,field,normal,DD,0,0,0,0,1,0.571428571,0.516666667
266,328,2012,Jaipur,RR,SRH,1,RR,0,SRH,bat,normal,RR,0,1,0,1,0,0.396825397,0.557377049
267,329,2012,Bangalore,RCB,RPS,1,RCB,0,RPS,bat,normal,RCB,0,1,0,1,0,0.411764706,0.476923077
268,330,2012,Chandigarh,KXIP,KXIP,1,KKR,0,KXIP,bat,normal,KKR,0,1,0,1,1,0.491803279,0.433333333
269,331,2012,Hyderabad,SRH,SRH,1,DD,0,SRH,bat,normal,DD,0,1,0,1,1,0.390625,0.524590164
270,332,2012,Chennai,CSK,CSK,1,RPS,0,RPS,field,normal,CSK,13,0,1,0,1,0.590909091,0.388888889
271,333,2012,Chandigarh,KXIP,KXIP,1,RCB,0,RCB,field,normal,RCB,0,0,0,0,1,0.483870968,0.484848485
272,334,2012,Chennai,CSK,RR,1,CSK,0,RR,bat,normal,CSK,0,1,0,1,0,0.564516129,0.597014925
273,335,2012,Delhi,DD,RPS,1,DD,0,DD,field,normal,RPS,20,0,1,0,0,0.368421053,0.532258065
274,336,2012,Mumbai,MI,MI,1,KXIP,0,MI,bat,normal,KXIP,0,1,0,1,1,0.5625,0.476190476
275,337,2012,Cuttack,Cuttack,SRH,1,KKR,0,KKR,field,normal,KKR,0,0,0,0,2,0.384615385,0.442622951
276,338,2012,Jaipur,RR,RCB,1,RR,0,RR,field,normal,RCB,46,0,1,0,0,0.492537313,0.555555556
277,339,2012,Pune,RPS,RPS,1,DD,0,RPS,bat,normal,DD,0,1,0,1,1,0.4,0.523809524
278,340,2012,Chandigarh,KXIP,KXIP,1,MI,0,KXIP,bat,normal,MI,0,1,0,1,1,0.484375,0.553846154
279,341,2012,Pune,RPS,SRH,1,RPS,0,SRH,bat,normal,SRH,18,1,1,1,0,0.378787879,0.380952381
280,342,2012,Delhi,DD,DD,1,MI,0,MI,field,normal,DD,37,0,1,0,1,0.53125,0.560606061
281,343,2012,Chennai,CSK,KXIP,1,CSK,0,KXIP,bat,normal,KXIP,7,1,1,1,0,0.476923077,0.602941176
282,344,2012,Kolkata,KKR,KKR,1,RCB,0,KKR,bat,normal,KKR,47,1,1,1,1,0.451612903,0.5
283,345,2012,Delhi,DD,DD,1,RR,0,DD,bat,normal,DD,1,1,1,1,1,0.538461538,0.546875
284,346,2012,Mumbai,MI,SRH,1,MI,0,MI,field,normal,MI,0,0,0,0,0,0.388059701,0.552238806
285,347,2012,Chennai,CSK,CSK,1,KKR,0,CSK,bat,normal,KKR,0,1,0,1,1,0.594202899,0.46031746
286,348,2012,Cuttack,Cuttack,SRH,1,RPS,0,SRH,bat,normal,SRH,13,1,1,1,2,0.382352941,0.363636364
287,349,2012,Jaipur,RR,RR,1,DD,0,RR,bat,normal,DD,0,1,0,1,1,0.538461538,0.545454545
288,350,2012,Bangalore,RCB,RCB,1,KXIP,0,KXIP,field,normal,KXIP,0,0,0,0,1,0.492753623,0.484848485
289,351,2012,Pune,RPS,MI,1,RPS,0,MI,bat,normal,MI,1,1,1,1,0,0.558823529,0.347826087
290,352,2012,Chennai,CSK,CSK,1,SRH,0,CSK,bat,normal,CSK,10,1,1,1,1,0.585714286,0.391304348
291,353,2012,Kolkata,KKR,KKR,1,RPS,0,KKR,bat,normal,KKR,7,1,1,1,1,0.46875,0.333333333
292,354,2012,Chandigarh,KXIP,RR,1,KXIP,0,RR,bat,normal,RR,43,1,1,1,0,0.53030303,0.492537313
293,355,2012,Mumbai,MI,CSK,1,MI,0,MI,field,normal,MI,0,0,0,0,0,0.591549296,0.565217391
294,356,2012,Bangalore,RCB,SRH,1,RCB,0,RCB,field,normal,RCB,0,0,0,0,0,0.385714286,0.485714286
295,357,2012,Delhi,DD,DD,1,KKR,0,DD,bat,normal,KKR,0,1,0,1,1,0.552238806,0.476923077
296,358,2012,Pune,RPS,RPS,1,RR,0,RPS,bat,normal,RR,0,1,0,1,1,0.32,0.537313433
297,359,2012,Hyderabad,SRH,KXIP,1,SRH,0,SRH,field,normal,KXIP,25,0,1,0,0,0.485294118,0.38028169
298,360,2012,Mumbai,MI,MI,1,RCB,0,RCB,field,normal,RCB,0,0,0,0,1,0.571428571,0.492957746
299,361,2012,Jaipur,RR,RR,1,CSK,0,CSK,field,normal,CSK,0,0,0,0,1,0.544117647,0.583333333
300,362,2012,Pune,RPS,RCB,1,RPS,0,RPS,field,normal,RCB,35,0,1,0,0,0.5,0.307692308
301,363,2012,Kolkata,KKR,MI,1,KKR,0,MI,bat,normal,MI,27,1,1,1,0,0.563380282,0.484848485
302,364,2012,Chennai,CSK,DD,1,CSK,0,CSK,field,normal,CSK,0,0,0,0,0,0.544117647,0.589041096
303,365,2012,Jaipur,RR,RR,1,RPS,0,RR,bat,normal,RR,45,1,1,1,1,0.536231884,0.296296296
304,366,2012,Chandigarh,KXIP,SRH,1,KXIP,0,SRH,bat,normal,KXIP,0,1,0,1,0,0.375,0.492753623
305,367,2012,Bangalore,RCB,RCB,1,MI,0,MI,field,normal,MI,0,0,0,0,1,0.506849315,0.569444444
306,368,2012,Kolkata,KKR,KKR,1,CSK,0,CSK,field,normal,CSK,0,0,0,0,1,0.47761194,0.594594595
307,369,2012,Delhi,DD,KXIP,1,DD,0,KXIP,bat,normal,DD,0,1,0,1,0,0.5,0.536231884
308,370,2012,Mumbai,MI,KKR,1,MI,0,MI,field,normal,KKR,32,0,1,0,0,0.470588235,0.575342466
309,371,2012,Dharamsala,Dharamsala,CSK,1,KXIP,0,KXIP,field,normal,KXIP,0,0,0,0,2,0.6,0.492957746
310,372,2012,Delhi,DD,RCB,1,DD,0,DD,field,normal,RCB,21,0,1,0,0,0.5,0.542857143
311,373,2012,Hyderabad,SRH,RR,1,SRH,0,RR,bat,normal,SRH,0,1,0,1,0,0.542857143,0.369863014
312,374,2012,Dharamsala,Dharamsala,KXIP,1,DD,0,DD,field,normal,DD,0,0,0,0,2,0.5,0.535211268
313,375,2012,Pune,RPS,KKR,1,RPS,0,KKR,bat,normal,KKR,34,1,1,1,0,0.47826087,0.285714286
314,376,2012,Hyderabad,SRH,SRH,1,RCB,0,RCB,field,normal,SRH,9,0,1,0,1,0.378378378,0.506666667
315,377,2012,Jaipur,RR,RR,1,MI,0,RR,bat,normal,MI,0,1,0,1,1,0.535211268,0.567567568
316,378,2012,Pune,RPS,KKR,1,DD,0,KKR,bat,normal,KKR,18,1,1,1,2,0.485714286,0.541666667
317,379,2012,Bangalore,RCB,CSK,1,MI,0,MI,field,normal,CSK,38,0,1,0,2,0.592105263,0.573333333
318,380,2012,Chennai,CSK,CSK,1,DD,0,DD,field,normal,CSK,86,0,1,0,1,0.597402597,0.534246575
319,381,2012,Chennai,CSK,CSK,1,KKR,0,CSK,bat,normal,KKR,0,1,0,1,1,0.602564103,0.492957746
320,382,2013,Kolkata,KKR,DD,1,KKR,0,KKR,field,normal,KKR,0,0,0,0,0,0.527027027,0.5
321,383,2013,Bangalore,RCB,RCB,1,MI,0,MI,field,normal,RCB,2,0,1,0,1,0.5,0.565789474
322,384,2013,Hyderabad,SRH,SRH,1,RPS,0,RPS,field,normal,SRH,22,0,1,0,1,0.386666667,0.275862069
323,385,2013,Delhi,DD,RR,1,DD,0,RR,bat,normal,RR,5,1,1,1,0,0.527777778,0.52
324,386,2013,Chennai,CSK,MI,1,CSK,0,MI,bat,normal,MI,9,1,1,1,0,0.558441558,0.594936709
325,387,2013,Pune,RPS,RPS,1,KXIP,0,RPS,bat,normal,KXIP,0,1,0,1,1,0.266666667,0.493150685
326,388,2013,Hyderabad,SRH,RCB,1,SRH,0,RCB,bat,tie,SRH,0,1,0,1,0,0.506493506,0.394736842
327,389,2013,Jaipur,RR,RR,1,KKR,0,KKR,field,normal,RR,19,0,1,0,1,0.534246575,0.506849315
328,390,2013,Mumbai,MI,MI,1,DD,0,MI,bat,normal,MI,44,1,1,1,1,0.564102564,0.513157895
329,391,2013,Chandigarh,KXIP,KXIP,1,CSK,0,CSK,field,normal,CSK,0,0,0,0,1,0.5,0.5875
330,392,2013,Bangalore,RCB,KKR,1,RCB,0,RCB,field,normal,RCB,0,0,0,0,0,0.5,0.5
331,393,2013,Pune,RPS,RR,1,RPS,0,RR,bat,normal,RPS,0,1,0,1,0,0.540540541,0.258064516
332,394,2013,Delhi,DD,DD,1,SRH,0,DD,bat,normal,SRH,0,1,0,1,1,0.506493506,0.402597403
333,395,2013,Mumbai,MI,MI,1,RPS,0,MI,bat,normal,MI,41,1,1,1,1,0.569620253,0.28125
334,396,2013,Chennai,CSK,RCB,1,CSK,0,CSK,field,normal,CSK,0,0,0,0,0,0.506329114,0.592592593
335,397,2013,Kolkata,KKR,KKR,1,SRH,0,KKR,bat,normal,KKR,48,1,1,1,1,0.493333333,0.41025641
336,398,2013,Jaipur,RR,KXIP,1,RR,0,RR,field,normal,RR,0,0,0,0,0,0.493333333,0.533333333
337,399,2013,Chennai,CSK,RPS,1,CSK,0,RPS,bat,normal,RPS,24,1,1,1,0,0.272727273,0.597560976
338,400,2013,Chandigarh,KXIP,KXIP,1,KKR,0,KKR,field,normal,KXIP,4,0,1,0,1,0.486842105,0.5
339,401,2013,Bangalore,RCB,DD,1,RCB,0,RCB,field,tie,RCB,0,0,0,0,0,0.5,0.5
340,402,2013,Pune,RPS,SRH,1,RPS,0,RPS,field,normal,SRH,11,0,1,0,0,0.405063291,0.294117647
341,403,2013,Jaipur,RR,RR,1,MI,0,RR,bat,normal,RR,87,1,1,1,1,0.539473684,0.575
342,404,2013,Delhi,DD,CSK,1,DD,0,CSK,bat,normal,CSK,86,1,1,1,0,0.590361446,0.493670886
343,405,2013,Hyderabad,SRH,KXIP,1,SRH,0,KXIP,bat,normal,SRH,0,1,0,1,0,0.493506494,0.4125
344,406,2013,Kolkata,KKR,KKR,1,CSK,0,KKR,bat,normal,CSK,0,1,0,1,1,0.493506494,0.595238095
345,407,2013,Bangalore,RCB,RR,1,RCB,0,RCB,field,normal,RCB,0,0,0,0,0,0.545454545,0.50617284
346,408,2013,Delhi,DD,MI,1,DD,0,MI,bat,normal,DD,0,1,0,1,0,0.567901235,0.4875
347,409,2013,Chandigarh,KXIP,RPS,1,KXIP,0,KXIP,field,normal,KXIP,0,0,0,0,0,0.285714286,0.487179487
348,410,2013,Chennai,CSK,RR,1,CSK,0,RR,bat,normal,CSK,0,1,0,1,0,0.538461538,0.6
349,411,2013,Bangalore,RCB,RCB,1,RPS,0,RPS,field,normal,RCB,130,0,1,0,1,0.512195122,0.277777778
350,412,2013,Dharamsala,Dharamsala,KXIP,1,DD,0,DD,field,normal,KXIP,7,0,1,0,2,0.493670886,0.49382716
351,413,2013,Kolkata,KKR,KKR,1,MI,0,KKR,bat,normal,MI,0,1,0,1,1,0.487179487,0.56097561
352,414,2013,Chennai,CSK,SRH,1,CSK,0,SRH,bat,normal,CSK,0,1,0,1,0,0.419753086,0.604651163
353,415,2013,Kolkata,KKR,KXIP,1,KKR,0,KXIP,bat,normal,KKR,0,1,0,1,0,0.5,0.481012658
354,416,2013,Jaipur,RR,SRH,1,RR,0,SRH,bat,normal,RR,0,1,0,1,0,0.414634146,0.53164557
355,417,2013,Mumbai,MI,MI,1,RCB,0,MI,bat,normal,MI,58,1,1,1,1,0.56626506,0.518072289
356,418,2013,Chennai,CSK,CSK,1,KKR,0,KKR,field,normal,CSK,14,0,1,0,1,0.609195402,0.4875
357,419,2013,Raipur,Raipur,DD,1,RPS,0,RPS,field,normal,DD,15,0,1,0,2,0.487804878,0.27027027
358,420,2013,Jaipur,RR,RCB,1,RR,0,RR,field,normal,RR,0,0,0,0,0,0.511904762,0.5375
359,421,2013,Mumbai,MI,MI,1,KXIP,0,MI,bat,normal,MI,4,1,1,1,1,0.571428571,0.49382716
360,422,2013,Pune,RPS,CSK,1,RPS,0,CSK,bat,normal,CSK,37,1,1,1,0,0.613636364,0.263157895
361,423,2013,Hyderabad,SRH,MI,1,SRH,0,MI,bat,normal,SRH,0,1,0,1,0,0.576470588,0.409638554
362,424,2013,Raipur,Raipur,KKR,1,DD,0,KKR,bat,normal,DD,0,1,0,1,2,0.481481481,0.493975904
363,425,2013,Chennai,CSK,CSK,1,KXIP,0,CSK,bat,normal,CSK,15,1,1,1,1,0.617977528,0.487804878
364,426,2013,Pune,RPS,RCB,1,RPS,0,RCB,bat,normal,RCB,17,1,1,1,0,0.505882353,0.256410256
365,427,2013,Kolkata,KKR,RR,1,KKR,0,RR,bat,normal,KKR,0,1,0,1,0,0.543209877,0.475609756
366,428,2013,Hyderabad,SRH,DD,1,SRH,0,DD,bat,normal,SRH,0,1,0,1,0,0.5,0.416666667
367,429,2013,Bangalore,RCB,RCB,1,KXIP,0,KXIP,field,normal,KXIP,0,0,0,0,1,0.511627907,0.481927711
368,430,2013,Mumbai,MI,MI,1,CSK,0,MI,bat,normal,MI,60,1,1,1,1,0.569767442,0.622222222
369,431,2013,Jaipur,RR,RPS,1,RR,0,RPS,bat,normal,RR,0,1,0,1,0,0.25,0.536585366
370,432,2013,Bangalore,RCB,SRH,1,RCB,0,SRH,bat,normal,RCB,0,1,0,1,0,0.423529412,0.505747126
371,433,2013,Jaipur,RR,DD,1,RR,0,DD,bat,normal,RR,0,1,0,1,0,0.494117647,0.542168675
372,434,2013,Mumbai,MI,MI,1,KKR,0,MI,bat,normal,MI,65,1,1,1,1,0.574712644,0.481927711
373,435,2013,Hyderabad,SRH,CSK,1,SRH,0,SRH,field,normal,CSK,77,0,1,0,0,0.615384615,0.418604651
374,436,2013,Chandigarh,KXIP,KXIP,1,RR,0,RR,field,normal,RR,0,0,0,0,1,0.488095238,0.547619048
375,437,2013,Pune,RPS,KKR,1,RPS,0,KKR,bat,normal,KKR,46,1,1,1,0,0.476190476,0.243902439
376,438,2013,Delhi,DD,RCB,1,DD,0,DD,field,normal,RCB,4,0,1,0,0,0.511363636,0.488372093
377,439,2013,Pune,RPS,RPS,1,MI,0,RPS,bat,normal,MI,0,1,0,1,1,0.238095238,0.579545455
378,440,2013,Chandigarh,KXIP,SRH,1,KXIP,0,KXIP,field,normal,SRH,30,0,1,0,0,0.413793103,0.482352941
379,441,2013,Ranchi,Ranchi,RCB,1,KKR,0,KKR,field,normal,KKR,0,0,0,0,2,0.516853933,0.482352941
380,442,2013,Jaipur,RR,CSK,1,RR,0,RR,field,normal,RR,0,0,0,0,0,0.619565217,0.552941176
381,443,2013,Delhi,DD,DD,1,KXIP,0,KXIP,field,normal,KXIP,0,0,0,0,1,0.482758621,0.476744186
382,444,2013,Mumbai,MI,SRH,1,MI,0,SRH,bat,normal,MI,0,1,0,1,0,0.420454545,0.584269663
383,445,2013,Ranchi,Ranchi,RPS,1,KKR,0,KKR,field,normal,RPS,7,0,1,0,2,0.23255814,0.488372093
384,446,2013,Chennai,CSK,CSK,1,DD,0,CSK,bat,normal,CSK,33,1,1,1,1,0.612903226,0.477272727
385,447,2013,Mumbai,MI,MI,1,RR,0,RR,field,normal,MI,14,0,1,0,1,0.588888889,0.558139535
386,448,2013,Chandigarh,KXIP,RCB,1,KXIP,0,KXIP,field,normal,KXIP,0,0,0,0,0,0.511111111,0.482758621
387,449,2013,Hyderabad,SRH,SRH,1,RR,0,SRH,bat,normal,SRH,23,1,1,1,1,0.415730337,0.551724138
388,450,2013,Dharamsala,Dharamsala,KXIP,1,MI,0,MI,field,normal,KXIP,50,0,1,0,2,0.488636364,0.593406593
389,451,2013,Pune,RPS,RPS,1,DD,0,RPS,bat,normal,RPS,38,1,1,1,1,0.25,0.471910112
390,452,2013,Bangalore,RCB,RCB,1,CSK,0,CSK,field,normal,RCB,24,0,1,0,1,0.505494505,0.617021277
391,453,2013,Hyderabad,SRH,KKR,1,SRH,0,KKR,bat,normal,SRH,0,1,0,1,0,0.482758621,0.422222222
392,454,2013,Delhi,DD,CSK,1,MI,0,CSK,bat,normal,CSK,48,1,1,1,2,0.610526316,0.586956522
393,455,2013,Delhi,DD,SRH,1,RR,0,SRH,bat,normal,RR,0,1,0,1,2,0.428571429,0.545454545
394,456,2013,Kolkata,KKR,RR,1,MI,0,RR,bat,normal,MI,0,1,0,1,2,0.550561798,0.580645161
395,457,2013,Kolkata,KKR,MI,1,CSK,0,MI,bat,normal,MI,23,1,1,1,2,0.585106383,0.614583333
396,458,2014,Abu Dhabi,Abu Dhabi,KKR,1,MI,0,KKR,bat,normal,KKR,41,1,1,1,2,0.477272727,0.589473684
397,459,2014,Sharjah,Sharjah,DD,1,RCB,0,RCB,field,normal,RCB,0,0,0,0,2,0.466666667,0.510869565
398,460,2014,Abu Dhabi,Abu Dhabi,CSK,1,KXIP,0,CSK,bat,normal,KXIP,0,1,0,1,2,0.608247423,0.494382022
399,461,2014,Abu Dhabi,Abu Dhabi,SRH,1,RR,0,RR,field,normal,RR,0,0,0,0,2,0.423913043,0.544444444
400,462,2014,Dubai,Dubai,MI,1,RCB,0,RCB,field,normal,RCB,0,0,0,0,2,0.583333333,0.516129032
401,463,2014,Dubai,Dubai,KKR,1,DD,0,KKR,bat,normal,DD,0,1,0,1,2,0.483146067,0.461538462
402,464,2014,Sharjah,Sharjah,RR,1,KXIP,0,KXIP,field,normal,KXIP,0,0,0,0,2,0.549450549,0.5
403,465,2014,Abu Dhabi,Abu Dhabi,CSK,1,DD,0,CSK,bat,normal,CSK,93,1,1,1,2,0.602040816,0.467391304
404,466,2014,Sharjah,Sharjah,KXIP,1,SRH,0,SRH,field,normal,KXIP,72,0,1,0,2,0.505494505,0.419354839
405,467,2014,Dubai,Dubai,CSK,1,RR,0,RR,field,normal,CSK,7,0,1,0,2,0.606060606,0.543478261
406,468,2014,Sharjah,Sharjah,KKR,1,RCB,0,RCB,field,normal,KKR,2,0,1,0,2,0.477777778,0.521276596
407,469,2014,Dubai,Dubai,SRH,1,DD,0,SRH,bat,normal,SRH,4,1,1,1,2,0.414893617,0.462365591
408,470,2014,Dubai,Dubai,MI,1,CSK,0,MI,bat,normal,CSK,0,1,0,1,2,0.577319588,0.61
409,471,2014,Abu Dhabi,Abu Dhabi,RCB,1,RR,0,RR,field,normal,RR,0,0,0,0,2,0.515789474,0.537634409
410,472,2014,Abu Dhabi,Abu Dhabi,KXIP,1,KKR,0,KKR,field,normal,KXIP,23,0,1,0,2,0.510869565,0.483516484
411,473,2014,Sharjah,Sharjah,MI,1,DD,0,MI,bat,normal,DD,0,1,0,1,2,0.571428571,0.457446809
412,474,2014,Sharjah,Sharjah,SRH,1,CSK,0,SRH,bat,normal,CSK,0,1,0,1,2,0.421052632,0.613861386
413,475,2014,Dubai,Dubai,RCB,1,KXIP,0,KXIP,field,normal,KXIP,0,0,0,0,2,0.510416667,0.516129032
414,476,2014,Abu Dhabi,Abu Dhabi,RR,1,KKR,0,RR,bat,tie,RR,0,1,1,1,2,0.542553191,0.47826087
415,477,2014,Dubai,Dubai,SRH,1,MI,0,MI,field,normal,SRH,15,0,1,0,2,0.416666667,0.565656566
416,478,2014,Ranchi,Ranchi,CSK,1,KKR,0,CSK,bat,normal,CSK,34,1,1,1,2,0.617647059,0.47311828
417,479,2014,Mumbai,MI,KXIP,1,MI,0,KXIP,bat,normal,MI,0,1,0,1,0,0.521276596,0.56
418,480,2014,Delhi,DD,DD,1,RR,0,RR,field,normal,RR,0,0,0,0,1,0.463157895,0.547368421
419,481,2014,Bangalore,RCB,SRH,1,RCB,0,RCB,field,normal,RCB,0,0,0,0,0,0.422680412,0.505154639
420,482,2014,Ahmedabad,Ahmedabad,RR,1,KKR,0,KKR,field,normal,RR,10,0,1,0,2,0.552083333,0.468085106
421,483,2014,Delhi,DD,DD,1,CSK,0,CSK,field,normal,CSK,0,0,0,0,1,0.458333333,0.621359223
422,484,2014,Mumbai,MI,MI,1,RCB,0,RCB,field,normal,MI,19,0,1,0,1,0.564356436,0.510204082
423,485,2014,Delhi,DD,DD,1,KKR,0,DD,bat,normal,KKR,0,1,0,1,1,0.453608247,0.463157895
424,486,2014,Cuttack,Cuttack,KXIP,1,CSK,0,CSK,field,normal,KXIP,44,0,1,0,2,0.515789474,0.625
425,487,2014,Ahmedabad,Ahmedabad,SRH,1,RR,0,RR,field,normal,SRH,32,0,1,0,2,0.418367347,0.556701031
426,488,2014,Bangalore,RCB,KXIP,1,RCB,0,RCB,field,normal,KXIP,32,0,1,0,0,0.520833333,0.505050505
427,489,2014,Delhi,DD,DD,1,SRH,0,SRH,field,normal,SRH,0,0,0,0,1,0.448979592,0.424242424
428,490,2014,Mumbai,MI,MI,1,CSK,0,CSK,field,normal,CSK,0,0,0,0,1,0.568627451,0.619047619
429,491,2014,Cuttack,Cuttack,KXIP,1,KKR,0,KKR,field,normal,KKR,0,0,0,0,2,0.525773196,0.46875
430,492,2014,Bangalore,RCB,RCB,1,RR,0,RCB,bat,normal,RR,0,1,0,1,1,0.5,0.551020408
431,493,2014,Hyderabad,SRH,SRH,1,MI,0,SRH,bat,normal,MI,0,1,0,1,1,0.43,0.563106796
432,494,2014,Ranchi,Ranchi,RR,1,CSK,0,RR,bat,normal,CSK,0,1,0,1,2,0.555555556,0.622641509
433,495,2014,Bangalore,RCB,RCB,1,DD,0,DD,field,normal,RCB,16,0,1,0,1,0.495049505,0.444444444
434,496,2014,Hyderabad,SRH,SRH,1,KXIP,0,KXIP,field,normal,KXIP,0,0,0,0,1,0.425742574,0.520408163
435,497,2014,Cuttack,Cuttack,MI,1,KKR,0,KKR,field,normal,KKR,0,0,0,0,2,0.567307692,0.474226804
436,498,2014,Ahmedabad,Ahmedabad,RR,1,DD,0,DD,field,normal,RR,62,0,1,0,2,0.55,0.44
437,499,2014,Ranchi,Ranchi,CSK,1,RCB,0,CSK,bat,normal,RCB,0,1,0,1,2,0.626168224,0.5
438,500,2014,Hyderabad,SRH,SRH,1,KKR,0,SRH,bat,normal,KKR,0,1,0,1,1,0.421568627,0.479591837
439,501,2014,Ahmedabad,Ahmedabad,MI,1,RR,0,MI,bat,normal,MI,25,1,1,1,2,0.561904762,0.554455446
440,502,2014,Delhi,DD,DD,1,KXIP,0,KXIP,field,normal,KXIP,0,0,0,0,1,0.435643564,0.525252525
441,503,2014,Hyderabad,SRH,RCB,1,SRH,0,RCB,bat,normal,SRH,0,1,0,1,0,0.504854369,0.417475728
442,504,2014,Kolkata,KKR,CSK,1,KKR,0,KKR,field,normal,KKR,0,0,0,0,0,0.62037037,0.484848485
443,505,2014,Chandigarh,KXIP,KXIP,1,MI,0,MI,field,normal,MI,0,0,0,0,1,0.53,0.566037736
444,506,2014,Kolkata,KKR,KKR,1,RCB,0,RCB,field,normal,KKR,30,0,1,0,1,0.49,0.5
445,507,2014,Ranchi,Ranchi,CSK,1,SRH,0,SRH,field,normal,SRH,0,0,0,0,2,0.614678899,0.423076923
446,508,2014,Mumbai,MI,MI,1,DD,0,DD,field,normal,MI,15,0,1,0,1,0.570093458,0.431372549
447,509,2014,Chandigarh,KXIP,KXIP,1,RR,0,RR,field,normal,KXIP,16,0,1,0,1,0.524752475,0.549019608
448,510,2014,Bangalore,RCB,RCB,1,CSK,0,CSK,field,normal,CSK,0,0,0,0,1,0.495238095,0.609090909
449,511,2014,Kolkata,KKR,SRH,1,KKR,0,KKR,field,normal,KKR,0,0,0,0,0,0.428571429,0.495049505
450,512,2014,Chandigarh,KXIP,DD,1,KXIP,0,KXIP,field,normal,KXIP,0,0,0,0,0,0.427184466,0.529411765
451,513,2014,Mumbai,MI,RR,1,MI,0,MI,field,normal,MI,0,0,0,0,0,0.54368932,0.574074074
452,514,2014,Kolkata,KKR,KKR,1,KXIP,0,KXIP,field,normal,KKR,28,0,1,0,1,0.5,0.533980583
453,515,2014,Mumbai,MI,MI,1,CSK,0,CSK,field,normal,CSK,0,0,0,0,1,0.577981651,0.612612613
454,516,2014,Mumbai,MI,KXIP,1,CSK,0,CSK,field,normal,KXIP,24,0,1,0,2,0.528846154,0.616071429
455,517,2014,Bangalore,RCB,KXIP,1,KKR,0,KKR,field,normal,KKR,0,0,0,0,2,0.533333333,0.504854369
456,518,2015,Kolkata,KKR,MI,1,KKR,0,KKR,field,normal,KKR,0,0,0,0,0,0.572727273,0.509615385
457,519,2015,Chennai,CSK,CSK,1,DD,0,DD,field,normal,CSK,1,0,1,0,1,0.610619469,0.423076923
458,520,2015,Pune,RPS,RR,1,KXIP,0,KXIP,field,normal,RR,26,0,1,0,2,0.538461538,0.528301887
459,521,2015,Chennai,CSK,CSK,1,SRH,0,CSK,bat,normal,CSK,45,1,1,1,1,0.614035088,0.424528302
460,522,2015,Kolkata,KKR,KKR,1,RCB,0,RCB,field,normal,RCB,0,0,0,0,1,0.514285714,0.490566038
461,523,2015,Delhi,DD,DD,1,RR,0,RR,field,normal,RR,0,0,0,0,1,0.419047619,0.542857143
462,524,2015,Mumbai,MI,KXIP,1,MI,0,MI,field,normal,KXIP,18,0,1,0,0,0.523364486,0.567567568
463,525,2015,Bangalore,RCB,RCB,1,SRH,0,SRH,field,normal,SRH,0,0,0,0,1,0.495327103,0.420560748
464,526,2015,Ahmedabad,Ahmedabad,MI,1,RR,0,MI,bat,normal,RR,0,1,0,1,2,0.5625,0.547169811
465,527,2015,Kolkata,KKR,CSK,1,KKR,0,KKR,field,normal,KKR,0,0,0,0,0,0.617391304,0.509433962
466,528,2015,Pune,RPS,KXIP,1,DD,0,KXIP,bat,normal,DD,0,1,0,1,2,0.527777778,0.41509434
467,529,2015,Visakhapatnam,Visakhapatnam,SRH,1,RR,0,RR,field,normal,RR,0,0,0,0,2,0.425925926,0.551401869
468,530,2015,Mumbai,MI,MI,1,CSK,0,MI,bat,normal,CSK,0,1,0,1,1,0.557522124,0.612068966
469,531,2015,Visakhapatnam,Visakhapatnam,DD,1,SRH,0,DD,bat,normal,DD,4,1,1,1,2,0.420560748,0.422018349
470,532,2015,Pune,RPS,KXIP,1,KKR,0,KKR,field,normal,KKR,0,0,0,0,2,0.52293578,0.514018692
471,533,2015,Ahmedabad,Ahmedabad,CSK,1,RR,0,CSK,bat,normal,RR,0,1,0,1,2,0.615384615,0.555555556
472,534,2015,Bangalore,RCB,MI,1,RCB,0,RCB,field,normal,MI,18,0,1,0,0,0.552631579,0.490740741
473,535,2015,Delhi,DD,DD,1,KKR,0,KKR,field,normal,KKR,0,0,0,0,1,0.425925926,0.518518519
474,536,2015,Ahmedabad,Ahmedabad,RR,1,KXIP,0,KXIP,field,tie,KXIP,0,0,0,0,2,0.559633028,0.518181818
475,537,2015,Visakhapatnam,Visakhapatnam,SRH,1,KKR,0,KKR,field,normal,SRH,16,0,1,0,2,0.418181818,0.52293578
476,538,2015,Bangalore,RCB,CSK,1,RCB,0,RCB,field,normal,CSK,27,0,1,0,0,0.610169492,0.486238532
477,539,2015,Delhi,DD,DD,1,MI,0,MI,field,normal,DD,37,0,1,0,1,0.422018349,0.556521739
478,540,2015,Ahmedabad,Ahmedabad,RR,1,RCB,0,RCB,field,normal,RCB,0,0,0,0,2,0.554545455,0.481818182
479,541,2015,Mumbai,MI,MI,1,SRH,0,MI,bat,normal,MI,20,1,1,1,1,0.551724138,0.423423423
480,542,2015,Chennai,CSK,CSK,1,KXIP,0,CSK,bat,normal,CSK,97,1,1,1,1,0.613445378,0.522522523
481,543,2015,Delhi,DD,DD,1,RCB,0,RCB,field,normal,RCB,0,0,0,0,1,0.427272727,0.486486486
482,544,2015,Chandigarh,KXIP,SRH,1,KXIP,0,KXIP,field,normal,SRH,20,0,1,0,0,0.419642857,0.517857143
483,545,2015,Kolkata,KKR,KKR,1,DD,0,KKR,bat,normal,KKR,13,1,1,1,1,0.518181818,0.423423423
484,547,2015,Chennai,CSK,CSK,1,KKR,0,KKR,field,normal,CSK,2,0,1,0,1,0.616666667,0.522522523
485,549,2015,Mumbai,MI,MI,1,RR,0,RR,field,normal,MI,8,0,1,0,1,0.555555556,0.54954955
486,550,2015,Bangalore,RCB,KKR,1,RCB,0,RCB,field,normal,RCB,0,0,0,0,0,0.517857143,0.491071429
487,551,2015,Hyderabad,SRH,SRH,1,CSK,0,CSK,field,normal,SRH,22,0,1,0,1,0.424778761,0.619834711
488,552,2015,Chandigarh,KXIP,MI,1,KXIP,0,MI,bat,normal,MI,23,1,1,1,0,0.559322034,0.513274336
489,553,2015,Mumbai,MI,RR,1,DD,0,DD,field,normal,RR,14,0,1,0,2,0.544642857,0.419642857
490,554,2015,Chennai,CSK,CSK,1,RCB,0,CSK,bat,normal,CSK,24,1,1,1,1,0.614754098,0.495575221
491,555,2015,Kolkata,KKR,KKR,1,SRH,0,SRH,field,normal,KKR,35,0,1,0,1,0.513274336,0.429824561
492,556,2015,Mumbai,MI,DD,1,MI,0,DD,bat,normal,MI,0,1,0,1,0,0.415929204,0.56302521
493,557,2015,Bangalore,RCB,RCB,1,KXIP,0,KXIP,field,normal,RCB,138,0,1,0,1,0.49122807,0.50877193
494,558,2015,Mumbai,MI,SRH,1,RR,0,RR,field,normal,SRH,7,0,1,0,2,0.426086957,0.548672566
495,559,2015,Chennai,CSK,CSK,1,MI,0,CSK,bat,normal,MI,0,1,0,1,1,0.617886179,0.566666667
496,560,2015,Kolkata,KKR,KXIP,1,KKR,0,KXIP,bat,normal,KKR,0,1,0,1,0,0.504347826,0.51754386
497,561,2015,Raipur,Raipur,SRH,1,DD,0,SRH,bat,normal,SRH,6,1,1,1,2,0.431034483,0.412280702
498,562,2015,Mumbai,MI,RCB,1,MI,0,RCB,bat,normal,RCB,39,1,1,1,0,0.495652174,0.570247934
499,563,2015,Chennai,CSK,CSK,1,RR,0,CSK,bat,normal,CSK,12,1,1,1,1,0.612903226,0.543859649
500,564,2015,Hyderabad,SRH,SRH,1,KXIP,0,SRH,bat,normal,SRH,5,1,1,1,1,0.435897436,0.5
501,565,2015,Raipur,Raipur,CSK,1,DD,0,CSK,bat,normal,DD,0,1,0,1,2,0.616,0.408695652
502,566,2015,Chandigarh,KXIP,KXIP,1,RCB,0,RCB,field,normal,KXIP,22,0,1,0,1,0.495726496,0.5
503,567,2015,Mumbai,MI,MI,1,KKR,0,KKR,field,normal,MI,5,0,1,0,1,0.56557377,0.52173913
504,568,2015,Hyderabad,SRH,SRH,1,RCB,0,SRH,bat,normal,RCB,0,1,0,1,1,0.440677966,0.495726496
505,569,2015,Chandigarh,KXIP,KXIP,1,CSK,0,KXIP,bat,normal,CSK,0,1,0,1,1,0.5,0.611111111
506,570,2015,Mumbai,MI,RR,1,KKR,0,RR,bat,normal,RR,9,1,1,1,2,0.539130435,0.517241379
507,572,2015,Hyderabad,SRH,SRH,1,MI,0,SRH,bat,normal,MI,0,1,0,1,1,0.43697479,0.569105691
508,573,2015,Mumbai,MI,MI,1,CSK,0,MI,bat,normal,MI,25,1,1,1,1,0.572580645,0.614173228
509,575,2015,Ranchi,Ranchi,RCB,1,CSK,0,CSK,field,normal,CSK,0,0,0,0,2,0.5,0.609375
510,576,2015,Kolkata,KKR,MI,1,CSK,0,CSK,field,normal,MI,41,0,1,0,2,0.576,0.612403101
511,577,2016,Mumbai,MI,MI,1,RPS,0,MI,bat,normal,RPS,0,1,0,1,1,0.579365079,0.266666667
512,578,2016,Kolkata,KKR,DD,1,KKR,0,KKR,field,normal,KKR,0,0,0,0,0,0.413793103,0.512820513
513,579,2016,Chandigarh,KXIP,KXIP,1,GL,0,GL,field,normal,GL,0,0,0,0,1,0.495798319,0
514,580,2016,Bangalore,RCB,RCB,1,SRH,0,SRH,field,normal,RCB,45,0,1,0,1,0.495798319,0.433333333
515,581,2016,Kolkata,KKR,KKR,1,MI,0,MI,field,normal,MI,0,0,0,0,1,0.516949153,0.57480315
516,582,2016,Rajkot,GL,RPS,1,GL,0,RPS,bat,normal,GL,0,1,0,1,0,0.282608696,1
517,583,2016,Delhi,DD,KXIP,1,DD,0,DD,field,normal,DD,0,0,0,0,0,0.491666667,0.41025641
518,584,2016,Hyderabad,SRH,SRH,1,KKR,0,SRH,bat,normal,KKR,0,1,0,1,1,0.429752066,0.512605042
519,585,2016,Mumbai,MI,MI,1,GL,0,GL,field,normal,GL,0,0,0,0,1,0.578125,1
520,586,2016,Chandigarh,KXIP,RPS,1,KXIP,0,RPS,bat,normal,KXIP,0,1,0,1,0,0.276595745,0.487603306
521,587,2016,Bangalore,RCB,RCB,1,DD,0,DD,field,normal,DD,0,0,0,0,1,0.5,0.415254237
522,588,2016,Hyderabad,SRH,MI,1,SRH,0,SRH,field,normal,SRH,0,0,0,0,0,0.573643411,0.426229508
523,589,2016,Chandigarh,KXIP,KXIP,1,KKR,0,KKR,field,normal,KKR,0,0,0,0,1,0.491803279,0.516666667
524,590,2016,Mumbai,MI,RCB,1,MI,0,MI,field,normal,MI,0,0,0,0,0,0.495867769,0.569230769
525,591,2016,Rajkot,GL,GL,1,SRH,0,SRH,field,normal,SRH,0,0,0,0,1,1,0.430894309
526,592,2016,Pune,RPS,RCB,1,RPS,0,RPS,field,normal,RCB,13,0,1,0,0,0.491803279,0.270833333
527,593,2016,Delhi,DD,DD,1,MI,0,MI,field,normal,DD,10,0,1,0,1,0.420168067,0.572519084
528,594,2016,Hyderabad,SRH,KXIP,1,SRH,0,SRH,field,normal,SRH,0,0,0,0,0,0.487804878,0.435483871
529,595,2016,Rajkot,GL,RCB,1,GL,0,RCB,bat,normal,GL,0,1,0,1,0,0.495934959,0.75
530,596,2016,Pune,RPS,RPS,1,KKR,0,KKR,field,normal,KKR,0,0,0,0,1,0.265306122,0.520661157
531,597,2016,Chandigarh,KXIP,MI,1,KXIP,0,KXIP,field,normal,MI,25,0,1,0,0,0.568181818,0.483870968
532,598,2016,Hyderabad,SRH,SRH,1,RPS,0,RPS,field,normal,RPS,34,0,0,0,1,0.44,0.26
533,599,2016,Delhi,DD,GL,1,DD,0,DD,field,normal,GL,1,0,1,0,0,0.8,0.425
534,600,2016,Mumbai,MI,KKR,1,MI,0,MI,field,normal,MI,0,0,0,0,0,0.524590164,0.571428571
535,601,2016,Pune,RPS,RPS,1,GL,0,GL,field,normal,GL,0,0,0,0,1,0.274509804,0.833333333
536,602,2016,Delhi,DD,DD,1,KKR,0,KKR,field,normal,DD,27,0,1,0,1,0.421487603,0.520325203
537,603,2016,Hyderabad,SRH,SRH,1,RCB,0,RCB,field,normal,SRH,15,0,1,0,1,0.436507937,0.491935484
538,604,2016,Rajkot,GL,KXIP,1,GL,0,GL,field,normal,KXIP,23,0,1,0,0,0.48,0.857142857
539,605,2016,Pune,RPS,RPS,1,MI,0,MI,field,normal,MI,0,0,0,0,1,0.269230769,0.574626866
540,606,2016,Bangalore,RCB,RCB,1,KKR,0,KKR,field,normal,KKR,0,0,0,0,1,0.488,0.516129032
541,607,2016,Rajkot,GL,GL,1,DD,0,DD,field,normal,DD,0,0,0,0,1,0.75,0.426229508
542,608,2016,Kolkata,KKR,KKR,1,KXIP,0,KXIP,field,normal,KKR,7,0,1,0,1,0.52,0.484126984
543,609,2016,Delhi,DD,DD,1,RPS,0,RPS,field,normal,RPS,0,0,0,0,1,0.430894309,0.264150943
544,610,2016,Hyderabad,SRH,GL,1,SRH,0,SRH,field,normal,SRH,0,0,0,0,0,0.666666667,0.440944882
545,611,2016,Bangalore,RCB,RPS,1,RCB,0,RCB,field,normal,RCB,0,0,0,0,0,0.277777778,0.484126984
546,612,2016,Chandigarh,KXIP,KXIP,1,DD,0,DD,field,normal,KXIP,9,0,1,0,1,0.480314961,0.427419355
547,613,2016,Visakhapatnam,Visakhapatnam,SRH,1,MI,0,MI,field,normal,SRH,85,0,1,0,2,0.4453125,0.577777778
548,614,2016,Kolkata,KKR,KKR,1,GL,0,GL,field,normal,GL,0,0,0,0,1,0.523809524,0.6
549,615,2016,Chandigarh,KXIP,RCB,1,KXIP,0,KXIP,field,normal,RCB,1,0,1,0,0,0.488188976,0.484375
550,616,2016,Visakhapatnam,Visakhapatnam,SRH,1,RPS,0,SRH,bat,normal,SRH,4,1,1,1,2,0.449612403,0.272727273
551,617,2016,Bangalore,RCB,RCB,1,MI,0,MI,field,normal,MI,0,0,0,0,1,0.4921875,0.573529412
552,618,2016,Hyderabad,SRH,SRH,1,DD,0,DD,field,normal,DD,0,0,0,0,1,0.453846154,0.424
553,619,2016,Visakhapatnam,Visakhapatnam,MI,1,KXIP,0,MI,bat,normal,KXIP,0,1,0,1,2,0.576642336,0.480620155
554,620,2016,Bangalore,RCB,RCB,1,GL,0,GL,field,normal,RCB,144,0,1,0,1,0.488372093,0.636363636
555,621,2016,Kolkata,KKR,RPS,1,KKR,0,RPS,bat,normal,KKR,0,1,0,1,0,0.267857143,0.519685039
556,622,2016,Chandigarh,KXIP,KXIP,1,SRH,0,KXIP,bat,normal,SRH,0,1,0,1,1,0.484615385,0.450381679
557,623,2016,Visakhapatnam,Visakhapatnam,MI,1,DD,0,DD,field,normal,MI,80,0,1,0,2,0.572463768,0.428571429
558,624,2016,Kolkata,KKR,KKR,1,RCB,0,RCB,field,normal,RCB,0,0,0,0,1,0.5234375,0.492307692
559,625,2016,Visakhapatnam,Visakhapatnam,DD,1,RPS,0,RPS,field,normal,RPS,19,0,0,0,2,0.42519685,0.263157895
560,626,2016,Bangalore,RCB,RCB,1,KXIP,0,KXIP,field,normal,RCB,82,0,1,0,1,0.496183206,0.480916031
561,627,2016,Kanpur,Kanpur,KKR,1,GL,0,GL,field,normal,GL,0,0,0,0,2,0.519379845,0.583333333
562,628,2016,Raipur,Raipur,SRH,1,DD,0,DD,field,normal,DD,0,0,0,0,2,0.454545455,0.421875
563,629,2016,Visakhapatnam,Visakhapatnam,KXIP,1,RPS,0,KXIP,bat,normal,RPS,0,1,0,1,2,0.477272727,0.275862069
564,630,2016,Kanpur,Kanpur,MI,1,GL,0,GL,field,normal,GL,0,0,0,0,2,0.575539568,0.615384615
565,631,2016,Kolkata,KKR,KKR,1,SRH,0,SRH,field,normal,KKR,22,0,1,0,1,0.515384615,0.45112782
566,632,2016,Raipur,Raipur,DD,1,RCB,0,RCB,field,normal,RCB,0,0,0,0,2,0.426356589,0.5
567,633,2016,Bangalore,RCB,GL,1,RCB,0,RCB,field,normal,RCB,0,0,0,0,0,0.642857143,0.503759398
568,634,2016,Delhi,DD,SRH,1,KKR,0,KKR,field,normal,SRH,22,0,1,0,2,0.447761194,0.519083969
569,635,2016,Delhi,DD,GL,1,SRH,0,SRH,field,normal,SRH,0,0,0,0,2,0.6,0.451851852
570,636,2016,Bangalore,RCB,SRH,1,RCB,0,SRH,bat,normal,SRH,8,1,1,1,0,0.455882353,0.507462687
571,1,2017,Hyderabad,SRH,SRH,1,RCB,0,RCB,field,normal,SRH,35,0,1,0,1,0.459854015,0.503703704
572,2,2017,Pune,RPS,RPS,1,MI,0,RPS,field,normal,RPS,0,1,1,0,1,0.288135593,0.571428571
573,3,2017,Rajkot,GL,KKR,1,GL,0,KKR,field,normal,KKR,0,1,1,0,0,0.515151515,0.5625
574,4,2017,Indore,Indore,KXIP,1,RPS,0,KXIP,field,normal,KXIP,0,1,1,0,2,0.473684211,0.3
575,5,2017,Bangalore,RCB,RCB,1,DD,0,RCB,bat,normal,RCB,15,1,1,1,1,0.5,0.423076923
576,6,2017,Hyderabad,SRH,SRH,1,GL,0,SRH,field,normal,SRH,0,1,1,0,1,0.463768116,0.529411765
577,7,2017,Mumbai,MI,MI,1,KKR,0,MI,field,normal,MI,0,1,1,0,1,0.567375887,0.518796992
578,8,2017,Indore,Indore,KXIP,1,RCB,0,RCB,bat,normal,KXIP,0,0,1,1,2,0.47761194,0.503649635
579,9,2017,Pune,RPS,DD,1,RPS,0,RPS,field,normal,DD,97,0,1,0,0,0.419847328,0.295081967
580,10,2017,Mumbai,MI,MI,1,SRH,0,MI,field,normal,MI,0,1,1,0,1,0.570422535,0.467625899
581,11,2017,Kolkata,KKR,KKR,1,KXIP,0,KKR,field,normal,KKR,0,1,1,0,1,0.514925373,0.481481481
582,12,2017,Bangalore,RCB,MI,1,RCB,0,MI,field,normal,MI,0,1,1,0,0,0.573426573,0.5
583,13,2017,Rajkot,GL,GL,1,RPS,0,GL,field,normal,GL,0,1,1,0,1,0.5,0.290322581
584,14,2017,Kolkata,KKR,KKR,1,SRH,0,SRH,field,normal,KKR,17,0,1,0,1,0.518518519,0.464285714
585,15,2017,Delhi,DD,DD,1,KXIP,0,DD,bat,normal,DD,51,1,1,1,1,0.424242424,0.477941176
586,16,2017,Mumbai,MI,MI,1,GL,0,MI,field,normal,MI,0,1,1,0,1,0.576388889,0.526315789
587,17,2017,Bangalore,RCB,RPS,1,RCB,0,RCB,field,normal,RPS,27,0,1,0,0,0.285714286,0.496402878
588,18,2017,Delhi,DD,KKR,1,DD,0,DD,bat,normal,KKR,0,0,1,1,0,0.522058824,0.428571429
589,19,2017,Hyderabad,SRH,SRH,1,KXIP,0,KXIP,field,normal,SRH,5,0,1,0,1,0.460992908,0.474452555
590,20,2017,Rajkot,GL,RCB,1,GL,0,GL,field,normal,RCB,21,0,1,0,0,0.492857143,0.5
591,21,2017,Hyderabad,SRH,SRH,1,DD,0,SRH,bat,normal,SRH,15,1,1,1,1,0.464788732,0.425373134
592,22,2017,Indore,Indore,MI,1,KXIP,0,MI,field,normal,MI,0,1,1,0,2,0.579310345,0.471014493
593,23,2017,Kolkata,KKR,GL,1,KKR,0,GL,field,normal,GL,0,1,1,0,0,0.476190476,0.525547445
594,24,2017,Mumbai,MI,MI,1,DD,0,DD,field,normal,MI,14,0,1,0,1,0.582191781,0.422222222
595,25,2017,Pune,RPS,RPS,1,SRH,0,RPS,field,normal,RPS,0,1,1,0,1,0.296875,0.468531469
596,26,2017,Rajkot,GL,KXIP,1,GL,0,GL,field,normal,KXIP,26,0,1,0,0,0.467625899,0.5
597,27,2017,Kolkata,KKR,KKR,1,RCB,0,RCB,field,normal,KKR,82,0,1,0,1,0.52173913,0.496453901
598,28,2017,Mumbai,MI,RPS,1,MI,0,MI,field,normal,RPS,3,0,1,0,0,0.307692308,0.585034014
599,29,2017,Pune,RPS,KKR,1,RPS,0,KKR,field,normal,KKR,0,1,1,0,0,0.525179856,0.318181818
600,30,2017,Bangalore,RCB,GL,1,RCB,0,GL,field,normal,GL,0,1,1,0,0,0.47826087,0.492957746
601,31,2017,Kolkata,KKR,KKR,1,DD,0,KKR,field,normal,KKR,0,1,1,0,1,0.528571429,0.419117647
602,32,2017,Chandigarh,KXIP,SRH,1,KXIP,0,KXIP,field,normal,SRH,26,0,1,0,0,0.465277778,0.471428571
603,33,2017,Pune,RPS,RPS,1,RCB,0,RCB,field,normal,RPS,61,0,1,0,1,0.313432836,0.48951049
604,34,2017,Rajkot,GL,MI,1,GL,0,GL,bat,tie,MI,0,0,1,1,0,0.581081081,0.5
605,35,2017,Chandigarh,KXIP,KXIP,1,DD,0,KXIP,field,normal,KXIP,0,1,1,0,1,0.468085106,0.416058394
606,36,2017,Hyderabad,SRH,SRH,1,KKR,0,KKR,field,normal,SRH,48,0,1,0,1,0.468965517,0.531914894
607,37,2017,Mumbai,MI,MI,1,RCB,0,RCB,bat,normal,MI,0,0,1,1,1,0.583892617,0.486111111
608,38,2017,Pune,RPS,RPS,1,GL,0,RPS,field,normal,RPS,0,1,1,0,1,0.323529412,0.48
609,39,2017,Delhi,DD,DD,1,SRH,0,DD,field,normal,DD,0,1,1,0,1,0.413043478,0.47260274
610,40,2017,Kolkata,KKR,RPS,1,KKR,0,RPS,field,normal,RPS,0,1,1,0,0,0.333333333,0.528169014
611,41,2017,Delhi,DD,DD,1,GL,0,DD,field,normal,DD,0,1,1,0,1,0.417266187,0.461538462
612,42,2017,Bangalore,RCB,KXIP,1,RCB,0,RCB,field,normal,KXIP,19,0,1,0,0,0.471830986,0.482758621
613,43,2017,Hyderabad,SRH,RPS,1,SRH,0,SRH,field,normal,RPS,12,0,1,0,0,0.342857143,0.469387755
614,44,2017,Delhi,DD,MI,1,DD,0,DD,field,normal,MI,146,0,1,0,0,0.586666667,0.421428571
615,45,2017,Bangalore,RCB,KKR,1,RCB,0,KKR,field,normal,KKR,0,1,1,0,0,0.524475524,0.479452055
616,46,2017,Chandigarh,KXIP,GL,1,KXIP,0,GL,field,normal,GL,0,1,1,0,0,0.444444444,0.475524476
617,47,2017,Hyderabad,SRH,SRH,1,MI,0,MI,bat,normal,SRH,0,0,1,1,1,0.466216216,0.589403974
618,48,2017,Chandigarh,KXIP,KXIP,1,KKR,0,KKR,field,normal,KXIP,14,0,1,0,1,0.472222222,0.527777778
619,49,2017,Kanpur,Kanpur,DD,1,GL,0,DD,field,normal,DD,0,1,1,0,2,0.418439716,0.464285714
620,50,2017,Mumbai,MI,KXIP,1,MI,0,MI,field,normal,KXIP,7,0,1,0,0,0.475862069,0.585526316
621,51,2017,Delhi,DD,DD,1,RPS,0,DD,bat,normal,DD,7,1,1,1,1,0.422535211,0.352112676
622,52,2017,Kanpur,Kanpur,SRH,1,GL,0,SRH,field,normal,SRH,0,1,1,0,2,0.469798658,0.448275862
623,53,2017,Kolkata,KKR,MI,1,KKR,0,KKR,field,normal,MI,9,0,1,0,0,0.581699346,0.524137931
624,54,2017,Pune,RPS,RPS,1,KXIP,0,RPS,field,normal,RPS,0,1,1,0,1,0.347222222,0.479452055
625,55,2017,Delhi,DD,RCB,1,DD,0,RCB,bat,normal,RCB,10,1,1,1,0,0.476190476,0.426573427
626,56,2017,Mumbai,MI,RPS,1,MI,0,MI,field,normal,RPS,20,0,1,0,0,0.356164384,0.584415584
627,57,2017,Bangalore,RCB,KKR,1,SRH,0,KKR,field,normal,KKR,0,1,1,0,2,0.520547945,0.473333333
628,58,2017,Bangalore,RCB,MI,1,KKR,0,MI,field,normal,MI,0,1,1,0,2,0.580645161,0.523809524
629,59,2017,Hyderabad,SRH,MI,1,RPS,0,MI,bat,normal,MI,1,1,1,1,2,0.583333333,0.364864865
630,7894,2018,Mumbai,MI,MI,1,CSK,0,CSK,field,normal,CSK,0,0,0,0,1,0.585987261,0.607692308
631,7895,2018,Mohali,KXIP,DD,1,KXIP,0,KXIP,field,normal,KXIP,0,0,0,0,0,0.423611111,0.476190476
632,7896,2018,Kolkata,KKR,RCB,1,KKR,0,KKR,field,normal,KKR,0,0,0,0,0,0.47972973,0.52027027
633,7897,2018,Hyderabad,SRH,RR,1,SRH,0,SRH,field,normal,SRH,0,0,0,0,0,0.543103448,0.470198675
634,7898,2018,Chennai,CSK,KKR,1,CSK,0,CSK,field,normal,CSK,0,0,0,0,0,0.523489933,0.610687023
635,7899,2018,Jaipur,RR,RR,1,DD,0,DD,field,normal,RR,10,0,1,0,1,0.538461538,0.420689655
636,7900,2018,Hyderabad,SRH,MI,1,SRH,0,SRH,field,normal,SRH,0,0,0,0,0,0.582278481,0.473684211
637,7901,2018,Bengaluru,RCB,KXIP,1,RCB,0,RCB,field,normal,RCB,0,0,0,0,0,0.47972973,0.476510067
638,7902,2018,Mumbai,MI,MI,1,DD,0,DD,field,normal,DD,0,0,0,0,1,0.578616352,0.417808219
639,7903,2018,Kolkata,KKR,KKR,1,SRH,0,SRH,field,normal,SRH,0,0,0,0,1,0.52,0.477124183
640,7904,2018,Bengaluru,RCB,RR,1,RCB,0,RCB,field,normal,RR,19,0,1,0,0,0.542372881,0.48
641,7905,2018,Mohali,KXIP,KXIP,1,CSK,0,CSK,field,normal,KXIP,4,0,1,0,1,0.476510067,0.613636364
642,7906,2018,Kolkata,KKR,KKR,1,DD,0,DD,field,normal,KKR,71,0,1,0,1,0.516556291,0.421768707
643,7907,2018,Mumbai,MI,MI,1,RCB,0,RCB,field,normal,MI,46,0,1,0,1,0.575,0.476821192
644,7908,2018,Jaipur,RR,RR,1,KKR,0,KKR,field,normal,KKR,0,0,0,0,1,0.546218487,0.519736842
645,7909,2018,Mohali,KXIP,KXIP,1,SRH,0,KXIP,bat,normal,KXIP,15,1,1,1,1,0.48,0.480519481
646,7910,2018,Pune,RPS,CSK,1,RR,0,RR,field,normal,CSK,64,0,1,0,2,0.609022556,0.541666667
647,7911,2018,Kolkata,KKR,KKR,1,KXIP,0,KXIP,field,normal,KXIP,0,0,0,0,1,0.522875817,0.483443709
648,7912,2018,Bengaluru,RCB,DD,1,RCB,0,RCB,field,normal,RCB,0,0,0,0,0,0.418918919,0.473684211
649,7913,2018,Hyderabad,SRH,CSK,1,SRH,0,SRH,field,normal,CSK,4,0,1,0,0,0.611940299,0.477419355
650,7914,2018,Jaipur,RR,MI,1,RR,0,MI,bat,normal,RR,0,1,0,1,0,0.577639752,0.537190083
651,7915,2018,Delhi,DD,KXIP,1,DD,0,DD,field,normal,KXIP,4,0,1,0,0,0.486842105,0.416107383
652,7916,2018,Mumbai,MI,SRH,1,MI,0,MI,field,normal,SRH,31,0,1,0,0,0.474358974,0.574074074
653,7917,2018,Bengaluru,RCB,RCB,1,CSK,0,CSK,field,normal,CSK,0,0,0,0,1,0.477124183,0.614814815
654,7918,2018,Hyderabad,SRH,SRH,1,KXIP,0,KXIP,field,normal,SRH,13,0,1,0,1,0.477707006,0.490196078
655,7919,2018,Delhi,DD,DD,1,KKR,0,KKR,field,normal,DD,55,0,1,0,1,0.413333333,0.519480519
656,7920,2018,Pune,RPS,CSK,1,MI,0,MI,field,normal,MI,0,0,0,0,2,0.617647059,0.570552147
657,7921,2018,Jaipur,RR,SRH,1,RR,0,SRH,bat,normal,SRH,11,1,1,1,0,0.481012658,0.540983607
658,7922,2018,Bengaluru,RCB,RCB,1,KKR,0,KKR,field,normal,KKR,0,0,0,0,1,0.474025974,0.516129032
659,7923,2018,Pune,RPS,CSK,1,DD,0,DD,field,normal,CSK,13,0,1,0,2,0.613138686,0.417218543
660,7924,2018,Bengaluru,RCB,RCB,1,MI,0,MI,field,normal,RCB,14,0,1,0,1,0.470967742,0.573170732
661,7925,2018,Delhi,DD,DD,1,RR,0,RR,field,normal,DD,4,0,1,0,1,0.414473684,0.536585366
662,7926,2018,Kolkata,KKR,CSK,1,KKR,0,KKR,field,normal,KKR,0,0,0,0,0,0.615942029,0.519230769
663,7927,2018,Indore,Indore,KXIP,1,MI,0,MI,field,normal,MI,0,0,0,0,2,0.487012987,0.56969697
664,7928,2018,Pune,RPS,RCB,1,CSK,0,CSK,field,normal,CSK,0,0,0,0,2,0.474358974,0.611510791
665,7929,2018,Hyderabad,SRH,DD,1,SRH,0,DD,bat,normal,SRH,0,1,0,1,0,0.418300654,0.48427673
666,7930,2018,Mumbai,MI,MI,1,KKR,0,KKR,field,normal,MI,13,0,1,0,1,0.572289157,0.522292994
667,7931,2018,Indore,Indore,RR,1,KXIP,0,KXIP,field,normal,KXIP,0,0,0,0,2,0.532258065,0.483870968
668,7932,2018,Hyderabad,SRH,SRH,1,RCB,0,RCB,field,normal,SRH,5,0,1,0,1,0.4875,0.47133758
669,7933,2018,Jaipur,RR,RR,1,KXIP,0,RR,bat,normal,RR,15,1,1,1,1,0.528,0.487179487
670,7934,2018,Kolkata,KKR,MI,1,KKR,0,KKR,field,normal,MI,102,0,1,0,0,0.574850299,0.518987342
671,7935,2018,Delhi,DD,DD,1,SRH,0,DD,bat,normal,SRH,0,1,0,1,1,0.415584416,0.49068323
672,7936,2018,Jaipur,RR,CSK,1,RR,0,CSK,bat,normal,RR,0,1,0,1,0,0.614285714,0.531746032
673,7937,2018,Indore,Indore,KKR,1,KXIP,0,KXIP,field,normal,KKR,31,0,1,0,2,0.51572327,0.484076433
674,7938,2018,Delhi,DD,DD,1,RCB,0,RCB,field,normal,RCB,0,0,0,0,1,0.412903226,0.46835443
675,7939,2018,Pune,RPS,SRH,1,CSK,0,CSK,field,normal,CSK,0,0,0,0,2,0.49382716,0.609929078
676,7940,2018,Mumbai,MI,MI,1,RR,0,RR,field,normal,RR,0,0,0,0,1,0.577380952,0.535433071
677,7941,2018,Indore,Indore,KXIP,1,RCB,0,RCB,field,normal,RCB,0,0,0,0,2,0.481012658,0.471698113
678,7942,2018,Kolkata,KKR,RR,1,KKR,0,KKR,field,normal,KKR,0,0,0,0,0,0.5390625,0.51875
679,7943,2018,Mumbai,MI,MI,1,KXIP,0,KXIP,field,normal,MI,3,0,1,0,1,0.573964497,0.477987421
680,7944,2018,Bengaluru,RCB,RCB,1,SRH,0,SRH,field,normal,RCB,14,0,1,0,1,0.475,0.490797546
681,7945,2018,Delhi,DD,DD,1,CSK,0,CSK,field,normal,DD,34,0,1,0,1,0.41025641,0.612676056
682,7946,2018,Jaipur,RR,RR,1,RCB,0,RR,bat,normal,RR,30,1,1,1,1,0.534883721,0.47826087
683,7947,2018,Hyderabad,SRH,SRH,1,KKR,0,SRH,bat,normal,KKR,0,1,0,1,1,0.487804878,0.52173913
684,7948,2018,Delhi,DD,DD,1,MI,0,DD,bat,normal,DD,11,1,1,1,1,0.414012739,0.576470588
685,7949,2018,Pune,RPS,KXIP,1,CSK,0,CSK,field,normal,CSK,0,0,0,0,2,0.475,0.608391608
686,7950,2018,Mumbai,MI,SRH,1,CSK,0,CSK,field,normal,CSK,0,0,0,0,2,0.484848485,0.611111111
687,7951,2018,Kolkata,KKR,KKR,1,RR,0,RR,field,normal,KKR,25,0,1,0,1,0.524691358,0.538461538
688,7952,2018,Kolkata,KKR,SRH,1,KKR,0,KKR,field,normal,SRH,14,0,1,0,0,0.481927711,0.527607362
689,7953,2018,Mumbai,MI,SRH,1,CSK,0,CSK,field,normal,CSK,0,0,0,0,2,0.48502994,0.613793103
690,11137,2019,Chennai,CSK,RCB,1,CSK,0,CSK,field,normal,CSK,0,0,0,0,0,0.475308642,0.616438356
691,11138,2019,Kolkata,KKR,SRH,1,KKR,0,KKR,field,normal,KKR,0,0,0,0,0,0.482142857,0.524390244
692,11139,2019,Mumbai,MI,DD,1,MI,0,MI,field,normal,DD,37,0,1,0,0,0.417721519,0.573099415
693,11140,2019,Jaipur,RR,KXIP,1,RR,0,RR,field,normal,KXIP,14,0,1,0,0,0.472049689,0.534351145
694,11141,2019,Delhi,DD,DD,1,CSK,0,DD,bat,normal,CSK,0,1,0,1,1,0.421383648,0.619047619
695,11142,2019,Kolkata,KKR,KKR,1,KXIP,0,KXIP,field,normal,KKR,28,0,1,0,1,0.527272727,0.475308642
696,11143,2019,Bengaluru,RCB,MI,1,RCB,0,RCB,field,normal,MI,6,0,1,0,0,0.569767442,0.472392638
697,11144,2019,Hyderabad,SRH,RR,1,SRH,0,RR,bat,normal,SRH,0,1,0,1,0,0.53030303,0.479289941
698,11145,2019,Mohali,KXIP,MI,1,KXIP,0,KXIP,field,normal,KXIP,0,0,0,0,0,0.572254335,0.472392638
699,11146,2019,Delhi,DD,KKR,1,DD,0,DD,field,tie,DD,0,0,0,0,0,0.530120482,0.41875
700,11147,2019,Hyderabad,SRH,SRH,1,RCB,0,RCB,field,normal,SRH,118,0,1,0,1,0.482352941,0.469512195
701,11148,2019,Chennai,CSK,CSK,1,RR,0,RR,field,normal,CSK,8,0,1,0,1,0.621621622,0.526315789
702,11149,2019,Mohali,KXIP,KXIP,1,DD,0,DD,field,normal,KXIP,14,0,1,0,1,0.475609756,0.422360248
703,11150,2019,Jaipur,RR,RCB,1,RR,0,RR,field,normal,RR,0,0,0,0,0,0.466666667,0.52238806
704,11151,2019,Mumbai,MI,MI,1,CSK,0,CSK,field,normal,MI,37,0,1,0,1,0.568965517,0.624161074
705,11152,2019,Delhi,DD,DD,1,SRH,0,SRH,field,normal,SRH,0,0,0,0,1,0.419753086,0.485380117
706,11153,2019,Bengaluru,RCB,RCB,1,KKR,0,KKR,field,normal,KKR,0,0,0,0,1,0.463855422,0.526946108
707,11309,2019,Chennai,CSK,CSK,1,KXIP,0,CSK,bat,normal,CSK,22,1,1,1,1,0.62,0.478787879
708,11310,2019,Hyderabad,SRH,MI,1,SRH,0,SRH,field,normal,MI,40,0,1,0,0,0.571428571,0.488372093
709,11311,2019,Bengaluru,RCB,RCB,1,DD,0,DD,field,normal,DD,0,0,0,0,1,0.461077844,0.417177914
710,11312,2019,Jaipur,RR,RR,1,KKR,0,KKR,field,normal,KKR,0,0,0,0,1,0.525925926,0.529761905
711,11313,2019,Mohali,KXIP,SRH,1,KXIP,0,KXIP,field,normal,KXIP,0,0,0,0,0,0.485549133,0.475903614
712,11314,2019,Chennai,CSK,KKR,1,CSK,0,CSK,field,normal,CSK,0,0,0,0,0,0.532544379,0.622516556
713,11315,2019,Mumbai,MI,KXIP,1,MI,0,MI,field,normal,MI,0,0,0,0,0,0.479041916,0.573863636
714,11316,2019,Jaipur,RR,RR,1,CSK,0,CSK,field,normal,CSK,0,0,0,0,1,0.522058824,0.625
715,11317,2019,Kolkata,KKR,KKR,1,DD,0,DD,field,normal,DD,0,0,0,0,1,0.529411765,0.420731707
716,11318,2019,Mumbai,MI,MI,1,RR,0,RR,field,normal,RR,0,0,0,0,1,0.576271186,0.518248175
717,11319,2019,Mohali,KXIP,KXIP,1,RCB,0,RCB,field,normal,RCB,0,0,0,0,1,0.476190476,0.458333333
718,11320,2019,Kolkata,KKR,KKR,1,CSK,0,CSK,field,normal,CSK,0,0,0,0,1,0.526315789,0.62745098
719,11321,2019,Hyderabad,SRH,DD,1,SRH,0,SRH,field,normal,DD,39,0,1,0,0,0.424242424,0.482758621
720,11322,2019,Mumbai,MI,RCB,1,MI,0,MI,field,normal,MI,0,0,0,0,0,0.461538462,0.573033708
721,11323,2019,Mohali,KXIP,KXIP,1,RR,0,RR,field,normal,KXIP,12,0,1,0,1,0.473372781,0.52173913
722,11324,2019,Hyderabad,SRH,CSK,1,SRH,0,CSK,bat,normal,SRH,0,1,0,1,0,0.62987013,0.48
723,11325,2019,Delhi,DD,MI,1,DD,0,MI,bat,normal,MI,40,1,1,1,0,0.575418994,0.427710843
724,11326,2019,Kolkata,KKR,RCB,1,KKR,0,KKR,field,normal,RCB,10,0,1,0,0,0.458823529,0.523255814
725,11327,2019,Jaipur,RR,MI,1,RR,0,RR,field,normal,RR,0,0,0,0,0,0.577777778,0.517985612
726,11328,2019,Delhi,DD,KXIP,1,DD,0,DD,field,normal,DD,0,0,0,0,0,0.476470588,0.425149701
727,11329,2019,Hyderabad,SRH,KKR,1,SRH,0,SRH,field,normal,SRH,0,0,0,0,0,0.520231214,0.482954545
728,11330,2019,Bengaluru,RCB,RCB,1,CSK,0,CSK,field,normal,RCB,1,0,1,0,1,0.461988304,0.625806452
729,11331,2019,Jaipur,RR,RR,1,DD,0,DD,field,normal,DD,0,0,0,0,1,0.521428571,0.428571429
730,11332,2019,Chennai,CSK,SRH,1,CSK,0,CSK,field,normal,CSK,0,0,0,0,0,0.485875706,0.621794872
731,11333,2019,Bengaluru,RCB,RCB,1,KXIP,0,KXIP,field,normal,RCB,17,0,1,0,1,0.465116279,0.473684211
732,11334,2019,Kolkata,KKR,KKR,1,RR,0,RR,field,normal,RR,0,0,0,0,1,0.517241379,0.517730496
733,11335,2019,Chennai,CSK,MI,1,CSK,0,CSK,field,normal,MI,46,0,1,0,0,0.574585635,0.624203822
734,11336,2019,Jaipur,RR,SRH,1,RR,0,RR,field,normal,RR,0,0,0,0,0,0.483146067,0.521126761
735,11337,2019,Delhi,DD,DD,1,RCB,0,DD,bat,normal,DD,16,1,1,1,1,0.431952663,0.468208092
736,11338,2019,Kolkata,KKR,KKR,1,MI,0,MI,field,normal,KKR,34,0,1,0,1,0.514285714,0.576923077
737,11339,2019,Hyderabad,SRH,SRH,1,KXIP,0,KXIP,field,normal,SRH,45,0,1,0,1,0.480446927,0.470930233
738,11341,2019,Chennai,CSK,CSK,1,DD,0,DD,field,normal,CSK,80,0,1,0,1,0.620253165,0.435294118
739,11342,2019,Mumbai,MI,MI,1,SRH,0,MI,bat,tie,MI,0,1,1,1,1,0.573770492,0.483333333
740,11343,2019,Mohali,KXIP,KXIP,1,KKR,0,KKR,field,normal,KKR,0,0,0,0,1,0.468208092,0.517045455
741,11345,2019,Bengaluru,RCB,SRH,1,RCB,0,RCB,field,normal,RCB,0,0,0,0,0,0.480662983,0.465517241
742,11346,2019,Mohali,KXIP,CSK,1,KXIP,0,KXIP,field,normal,KXIP,0,0,0,0,0,0.622641509,0.465517241
743,11347,2019,Mumbai,MI,KKR,1,MI,0,MI,field,normal,MI,0,0,0,0,0,0.519774011,0.576086957
744,11412,2019,Chennai,CSK,CSK,1,MI,0,CSK,bat,normal,MI,0,1,0,1,1,0.61875,0.578378378
745,11413,2019,Visakhapatnam,Visakhapatnam,SRH,1,DD,0,DD,field,normal,DD,0,0,0,0,2,0.478021978,0.432748538
746,11414,2019,Visakhapatnam,Visakhapatnam,DD,1,CSK,0,CSK,field,normal,CSK,0,0,0,0,2,0.436046512,0.614906832
