,ID,SEASON,CITY,CITY_Corrrected,TEAM1,TEAM1_MODEL,TEAM2,TEAM2_MODEL,TOSS_WINNER,TOSS_DECISION,RESULT,WINNER,WIN_BY_RUNS,TOSS_WINNER_MODEL,WINNER_MODEL,TOSS_DECISION_MODEL,CITY_MODEL
0,60,2008,Bangalore,RCB,KKR,1,RCB,0,RCB,field,normal,KKR,140,0,1,0,0
1,61,2008,Chandigarh,KXIP,CSK,1,KXIP,0,CSK,bat,normal,CSK,33,1,1,1,0
2,62,2008,Delhi,DD,DD,1,RR,0,RR,bat,normal,DD,0,0,1,1,1
3,63,2008,Mumbai,MI,RCB,1,MI,0,MI,bat,normal,RCB,0,0,1,1,0
4,64,2008,Kolkata,KKR,KKR,1,SRH,0,SRH,bat,normal,KKR,0,0,1,1,1
5,65,2008,Jaipur,RR,RR,1,KXIP,0,KXIP,bat,normal,RR,0,0,1,1,1
6,66,2008,Hyderabad,SRH,DD,1,SRH,0,SRH,bat,normal,DD,0,0,1,1,0
7,67,2008,Chennai,CSK,CSK,1,MI,0,MI,field,normal,CSK,6,0,1,0,1
8,68,2008,Hyderabad,SRH,RR,1,SRH,0,RR,field,normal,RR,0,1,1,0,0
9,69,2008,Chandigarh,KXIP,KXIP,1,MI,0,MI,field,normal,KXIP,66,0,1,0,1
10,70,2008,Bangalore,RCB,RR,1,RCB,0,RR,field,normal,RR,0,1,1,0,0
11,71,2008,Chennai,CSK,CSK,1,KKR,0,KKR,bat,normal,CSK,0,0,1,1,1
12,72,2008,Mumbai,MI,MI,1,SRH,0,SRH,field,normal,SRH,0,0,0,0,1
13,73,2008,Chandigarh,KXIP,DD,1,KXIP,0,DD,bat,normal,KXIP,0,1,0,1,0
14,74,2008,Bangalore,RCB,CSK,1,RCB,0,CSK,bat,normal,CSK,13,1,1,1,0
15,75,2008,Kolkata,KKR,KKR,1,MI,0,KKR,bat,normal,MI,0,1,0,1,1
16,76,2008,Delhi,DD,DD,1,RCB,0,RCB,field,normal,DD,10,0,1,0,1
17,77,2008,Hyderabad,SRH,SRH,1,KXIP,0,KXIP,field,normal,KXIP,0,0,0,0,1
18,78,2008,Jaipur,RR,RR,1,KKR,0,RR,bat,normal,RR,45,1,1,1,1
19,79,2008,Chennai,CSK,CSK,1,DD,0,CSK,bat,normal,DD,0,1,0,1,1
20,80,2008,Hyderabad,SRH,SRH,1,RCB,0,SRH,bat,normal,RCB,0,1,0,1,1
21,81,2008,Chandigarh,KXIP,KXIP,1,KKR,0,KXIP,bat,normal,KXIP,9,1,1,1,1
22,82,2008,Mumbai,MI,MI,1,DD,0,DD,field,normal,MI,29,0,1,0,1
23,83,2008,Jaipur,RR,CSK,1,RR,0,CSK,bat,normal,RR,0,1,0,1,0
24,84,2008,Bangalore,RCB,RCB,1,KXIP,0,KXIP,field,normal,KXIP,0,0,0,0,1
25,85,2008,Chennai,CSK,CSK,1,SRH,0,SRH,field,normal,SRH,0,0,0,0,1
26,86,2008,Mumbai,MI,RR,1,MI,0,MI,field,normal,MI,0,0,0,0,0
27,87,2008,Delhi,DD,DD,1,CSK,0,CSK,field,normal,CSK,0,0,0,0,1
28,88,2008,Kolkata,KKR,KKR,1,RCB,0,KKR,bat,normal,KKR,5,1,1,1,1
29,89,2008,Jaipur,RR,SRH,1,RR,0,RR,field,normal,RR,0,0,0,0,0
30,90,2008,Bangalore,RCB,RCB,1,MI,0,MI,field,normal,MI,0,0,0,0,1
31,91,2008,Chennai,CSK,CSK,1,KXIP,0,KXIP,field,normal,CSK,18,0,1,0,1
32,92,2008,Hyderabad,SRH,KKR,1,SRH,0,KKR,bat,normal,KKR,23,1,1,1,0
33,93,2008,Jaipur,RR,DD,1,RR,0,RR,field,normal,RR,0,0,0,0,0
34,94,2008,Chandigarh,KXIP,RCB,1,KXIP,0,RCB,bat,normal,KXIP,0,1,0,1,0
35,95,2008,Kolkata,KKR,KKR,1,DD,0,KKR,bat,normal,KKR,23,1,1,1,1
36,96,2008,Mumbai,MI,CSK,1,MI,0,MI,field,normal,MI,0,0,0,0,0
37,97,2008,Chandigarh,KXIP,KXIP,1,RR,0,RR,field,normal,KXIP,41,0,1,0,1
38,98,2008,Delhi,DD,DD,1,SRH,0,SRH,field,normal,DD,12,0,1,0,1
39,99,2008,Mumbai,MI,KKR,1,MI,0,MI,field,normal,MI,0,0,0,0,0
40,100,2008,Delhi,DD,DD,1,KXIP,0,DD,bat,normal,KXIP,6,1,0,1,1
41,101,2008,Jaipur,RR,RR,1,RCB,0,RCB,field,normal,RR,65,0,1,0,1
42,102,2008,Hyderabad,SRH,MI,1,SRH,0,SRH,field,normal,MI,25,0,1,0,0
43,103,2008,Kolkata,KKR,KKR,1,CSK,0,KKR,bat,normal,CSK,3,1,0,1,1
44,104,2008,Bangalore,RCB,RCB,1,DD,0,DD,field,normal,DD,0,0,0,0,1
45,105,2008,Kolkata,KKR,KKR,1,RR,0,RR,field,normal,RR,0,0,0,0,1
46,106,2008,Mumbai,MI,KXIP,1,MI,0,MI,field,normal,KXIP,1,0,1,0,0
47,107,2008,Chennai,CSK,RCB,1,CSK,0,RCB,bat,normal,RCB,14,1,1,1,0
48,108,2008,Chandigarh,KXIP,SRH,1,KXIP,0,KXIP,field,normal,KXIP,0,0,0,0,0
49,109,2008,Delhi,DD,MI,1,DD,0,DD,field,normal,DD,0,0,0,0,0
50,110,2008,Chennai,CSK,RR,1,CSK,0,RR,bat,normal,RR,10,1,1,1,0
51,111,2008,Bangalore,RCB,RCB,1,SRH,0,SRH,field,normal,RCB,3,0,1,0,1
52,112,2008,Kolkata,KKR,KXIP,1,KKR,0,KXIP,bat,normal,KKR,0,1,0,1,0
53,113,2008,Jaipur,RR,MI,1,RR,0,RR,field,normal,RR,0,0,0,0,0
54,114,2008,Hyderabad,SRH,SRH,1,CSK,0,SRH,bat,normal,CSK,0,1,0,1,1
55,115,2008,Mumbai,MI,RR,1,DD,0,DD,field,normal,RR,105,0,1,0,2
56,116,2008,Mumbai,MI,KXIP,1,CSK,0,KXIP,bat,normal,CSK,0,1,0,1,2
57,117,2008,Mumbai,MI,CSK,1,RR,0,RR,field,normal,RR,0,0,0,0,2
58,118,2009,Cape Town,Cape Town,MI,1,CSK,0,CSK,field,normal,MI,19,0,1,0,2
59,119,2009,Cape Town,Cape Town,RCB,1,RR,0,RCB,bat,normal,RCB,75,1,1,1,2
60,120,2009,Cape Town,Cape Town,KXIP,1,DD,0,DD,field,normal,DD,0,0,0,0,2
61,121,2009,Cape Town,Cape Town,KKR,1,SRH,0,KKR,bat,normal,SRH,0,1,0,1,2
62,122,2009,Port Elizabeth,Port Elizabeth,CSK,1,RCB,0,CSK,bat,normal,CSK,92,1,1,1,2
63,123,2009,Durban,Durban,KXIP,1,KKR,0,KKR,field,normal,KKR,11,0,0,0,2
64,124,2009,Cape Town,Cape Town,SRH,1,RCB,0,SRH,bat,normal,SRH,24,1,1,1,2
65,125,2009,Durban,Durban,DD,1,CSK,0,DD,bat,normal,DD,9,1,1,1,2
66,126,2009,Cape Town,Cape Town,RR,1,KKR,0,KKR,field,tie,RR,0,0,1,0,2
67,127,2009,Durban,Durban,RCB,1,KXIP,0,RCB,bat,normal,KXIP,0,1,0,1,2
68,128,2009,Durban,Durban,SRH,1,MI,0,SRH,bat,normal,SRH,12,1,1,1,2
69,129,2009,Port Elizabeth,Port Elizabeth,RCB,1,DD,0,RCB,bat,normal,DD,0,1,0,1,2
70,130,2009,Cape Town,Cape Town,KXIP,1,RR,0,KXIP,bat,normal,KXIP,27,1,1,1,2
71,131,2009,Durban,Durban,CSK,1,SRH,0,SRH,field,normal,SRH,0,0,0,0,2
72,132,2009,Port Elizabeth,Port Elizabeth,MI,1,KKR,0,MI,bat,normal,MI,92,1,1,1,2
73,133,2009,Centurion,Centurion,DD,1,RR,0,DD,bat,normal,RR,0,1,0,1,2
74,134,2009,Durban,Durban,KKR,1,RCB,0,KKR,bat,normal,RCB,0,1,0,1,2
75,135,2009,Durban,Durban,KXIP,1,MI,0,KXIP,bat,normal,KXIP,3,1,1,1,2
76,136,2009,Centurion,Centurion,SRH,1,DD,0,DD,field,normal,DD,0,0,0,0,2
77,137,2009,Centurion,Centurion,CSK,1,RR,0,RR,field,normal,CSK,38,0,1,0,2
78,138,2009,East London,East London,MI,1,KKR,0,MI,bat,normal,MI,9,1,1,1,2
79,139,2009,Durban,Durban,RCB,1,KXIP,0,RCB,bat,normal,RCB,8,1,1,1,2
80,140,2009,Port Elizabeth,Port Elizabeth,SRH,1,RR,0,SRH,bat,normal,RR,0,1,0,1,2
81,141,2009,Johannesburg,Johannesburg,CSK,1,DD,0,DD,field,normal,CSK,18,0,1,0,2
82,142,2009,Port Elizabeth,Port Elizabeth,KKR,1,KXIP,0,KKR,bat,normal,KXIP,0,1,0,1,2
83,143,2009,Johannesburg,Johannesburg,MI,1,RCB,0,MI,bat,normal,RCB,0,1,0,1,2
84,144,2009,East London,East London,CSK,1,SRH,0,CSK,bat,normal,CSK,78,1,1,1,2
85,145,2009,Durban,Durban,RR,1,KXIP,0,KXIP,field,normal,RR,78,0,1,0,2
86,146,2009,Durban,Durban,KKR,1,DD,0,KKR,bat,normal,DD,0,1,0,1,2
87,147,2009,Centurion,Centurion,SRH,1,MI,0,SRH,bat,normal,SRH,19,1,1,1,2
88,148,2009,Centurion,Centurion,RCB,1,RR,0,RR,field,normal,RR,0,0,0,0,2
89,149,2009,Centurion,Centurion,CSK,1,KXIP,0,CSK,bat,normal,CSK,12,1,1,1,2
90,150,2009,East London,East London,MI,1,DD,0,MI,bat,normal,DD,0,1,0,1,2
91,151,2009,Kimberley,Kimberley,SRH,1,KXIP,0,KXIP,field,normal,KXIP,0,0,0,0,2
92,152,2009,Kimberley,Kimberley,RR,1,CSK,0,RR,bat,normal,CSK,0,1,0,1,2
93,153,2009,Port Elizabeth,Port Elizabeth,MI,1,RCB,0,MI,bat,normal,MI,16,1,1,1,2
94,154,2009,Johannesburg,Johannesburg,KKR,1,DD,0,DD,field,normal,DD,0,0,0,0,2
95,155,2009,Kimberley,Kimberley,SRH,1,RR,0,SRH,bat,normal,SRH,53,1,1,1,2
96,156,2009,Centurion,Centurion,KKR,1,RCB,0,RCB,field,normal,RCB,0,0,0,0,2
97,157,2009,Centurion,Centurion,KXIP,1,MI,0,KXIP,bat,normal,MI,0,1,0,1,2
98,158,2009,Durban,Durban,DD,1,SRH,0,SRH,field,normal,DD,12,0,1,0,2
99,159,2009,Durban,Durban,CSK,1,RCB,0,CSK,bat,normal,RCB,0,1,0,1,2
100,160,2009,Durban,Durban,RR,1,MI,0,RR,bat,normal,RR,2,1,1,1,2
101,161,2009,Bloemfontein,Bloemfontein,DD,1,KXIP,0,KXIP,field,normal,KXIP,0,0,0,0,2
102,162,2009,Port Elizabeth,Port Elizabeth,MI,1,CSK,0,MI,bat,normal,CSK,0,1,0,1,2
103,163,2009,Johannesburg,Johannesburg,KKR,1,SRH,0,SRH,field,normal,SRH,0,0,0,0,2
104,164,2009,Johannesburg,Johannesburg,KXIP,1,SRH,0,SRH,field,normal,KXIP,1,0,1,0,2
105,165,2009,Bloemfontein,Bloemfontein,DD,1,RR,0,DD,bat,normal,DD,14,1,1,1,2
106,166,2009,Centurion,Centurion,CSK,1,KKR,0,CSK,bat,normal,KKR,0,1,0,1,2
107,167,2009,Johannesburg,Johannesburg,DD,1,RCB,0,DD,bat,normal,RCB,0,1,0,1,2
108,168,2009,Durban,Durban,RR,1,KKR,0,KKR,field,normal,KKR,0,0,0,0,2
109,169,2009,Durban,Durban,CSK,1,KXIP,0,CSK,bat,normal,CSK,24,1,1,1,2
110,170,2009,Centurion,Centurion,MI,1,DD,0,DD,field,normal,DD,0,0,0,0,2
111,171,2009,Centurion,Centurion,RCB,1,SRH,0,RCB,bat,normal,RCB,12,1,1,1,2
112,172,2009,Centurion,Centurion,DD,1,SRH,0,SRH,field,normal,SRH,0,0,0,0,2
113,173,2009,Johannesburg,Johannesburg,CSK,1,RCB,0,RCB,field,normal,RCB,0,0,0,0,2
114,174,2009,Johannesburg,Johannesburg,SRH,1,RCB,0,RCB,field,normal,SRH,6,0,1,0,2
115,175,2010,Mumbai,MI,KKR,1,SRH,0,SRH,field,normal,KKR,11,0,1,0,2
116,176,2010,Mumbai,MI,MI,1,RR,0,MI,bat,normal,MI,4,1,1,1,1
117,177,2010,Chandigarh,KXIP,KXIP,1,DD,0,DD,field,normal,DD,0,0,0,0,1
118,178,2010,Kolkata,KKR,RCB,1,KKR,0,KKR,field,normal,KKR,0,0,0,0,0
119,179,2010,Chennai,CSK,SRH,1,CSK,0,SRH,bat,normal,SRH,31,1,1,1,0
120,180,2010,Ahmedabad,Ahmedabad,RR,1,DD,0,DD,field,normal,DD,0,0,0,0,2
121,181,2010,Bangalore,RCB,KXIP,1,RCB,0,KXIP,bat,normal,RCB,0,1,0,1,0
122,182,2010,Kolkata,KKR,CSK,1,KKR,0,CSK,bat,normal,CSK,55,1,1,1,0
123,183,2010,Delhi,DD,MI,1,DD,0,DD,field,normal,MI,98,0,1,0,0
124,184,2010,Bangalore,RCB,RR,1,RCB,0,RCB,field,normal,RCB,0,0,0,0,0
125,185,2010,Delhi,DD,DD,1,CSK,0,DD,bat,normal,CSK,0,1,0,1,1
126,186,2010,Cuttack,Cuttack,SRH,1,KXIP,0,KXIP,field,normal,SRH,6,0,1,0,2
127,187,2010,Ahmedabad,Ahmedabad,RR,1,KKR,0,RR,bat,normal,RR,34,1,1,1,2
128,188,2010,Mumbai,MI,MI,1,RCB,0,MI,bat,normal,RCB,0,1,0,1,1
129,189,2010,Cuttack,Cuttack,SRH,1,DD,0,SRH,bat,normal,SRH,10,1,1,1,2
130,190,2010,Chennai,CSK,KXIP,1,CSK,0,CSK,field,tie,KXIP,0,0,1,0,0
131,191,2010,Mumbai,MI,KKR,1,MI,0,KKR,bat,normal,MI,0,1,0,1,0
132,192,2010,Bangalore,RCB,RCB,1,CSK,0,CSK,field,normal,RCB,36,0,1,0,1
133,193,2010,Chandigarh,KXIP,RR,1,KXIP,0,KXIP,field,normal,RR,31,0,1,0,0
134,194,2010,Mumbai,MI,CSK,1,MI,0,MI,field,normal,MI,0,0,0,0,0
135,195,2010,Ahmedabad,Ahmedabad,SRH,1,RR,0,SRH,bat,normal,RR,0,1,0,1,2
136,196,2010,Chandigarh,KXIP,KKR,1,KXIP,0,KKR,bat,normal,KKR,39,1,1,1,0
137,197,2010,Bangalore,RCB,DD,1,RCB,0,RCB,field,normal,DD,17,0,1,0,0
138,198,2010,Ahmedabad,Ahmedabad,RR,1,CSK,0,RR,bat,normal,RR,17,1,1,1,2
139,199,2010,Mumbai,MI,MI,1,SRH,0,SRH,field,normal,MI,41,0,1,0,1
140,200,2010,Delhi,DD,DD,1,KKR,0,DD,bat,normal,DD,40,1,1,1,1
141,201,2010,Mumbai,MI,KXIP,1,MI,0,MI,field,normal,MI,0,0,0,0,0
142,202,2010,Chennai,CSK,RCB,1,CSK,0,RCB,bat,normal,CSK,0,1,0,1,0
143,203,2010,Delhi,DD,DD,1,RR,0,DD,bat,normal,DD,67,1,1,1,1
144,204,2010,Kolkata,KKR,KKR,1,SRH,0,KKR,bat,normal,KKR,24,1,1,1,1
145,205,2010,Chandigarh,KXIP,KXIP,1,RCB,0,KXIP,bat,normal,RCB,0,1,0,1,1
146,206,2010,Chennai,CSK,CSK,1,RR,0,CSK,bat,normal,CSK,23,1,1,1,1
147,207,2010,Mumbai,MI,MI,1,SRH,0,MI,bat,normal,MI,63,1,1,1,1
148,208,2010,Kolkata,KKR,KKR,1,KXIP,0,KKR,bat,normal,KXIP,0,1,0,1,1
149,209,2010,Delhi,DD,DD,1,RCB,0,DD,bat,normal,DD,37,1,1,1,1
150,210,2010,Nagpur,Nagpur,RR,1,SRH,0,RR,bat,normal,RR,2,1,1,1,2
151,211,2010,Chennai,CSK,CSK,1,MI,0,CSK,bat,normal,CSK,24,1,1,1,1
152,212,2010,Jaipur,RR,KXIP,1,RR,0,KXIP,bat,normal,RR,0,1,0,1,0
153,213,2010,Kolkata,KKR,KKR,1,DD,0,KKR,bat,normal,KKR,14,1,1,1,1
154,214,2010,Bangalore,RCB,RCB,1,SRH,0,SRH,field,normal,SRH,0,0,0,0,1
155,215,2010,Chandigarh,KXIP,MI,1,KXIP,0,MI,bat,normal,KXIP,0,1,0,1,0
156,216,2010,Nagpur,Nagpur,CSK,1,SRH,0,CSK,bat,normal,SRH,0,1,0,1,2
157,217,2010,Bangalore,RCB,KKR,1,RCB,0,RCB,field,normal,RCB,0,0,0,0,0
158,218,2010,Delhi,DD,DD,1,KXIP,0,DD,bat,normal,KXIP,0,1,0,1,1
159,219,2010,Jaipur,RR,MI,1,RR,0,RR,field,normal,MI,37,0,1,0,0
160,220,2010,Nagpur,Nagpur,SRH,1,RCB,0,RCB,field,normal,SRH,13,0,1,0,2
161,221,2010,Mumbai,MI,MI,1,DD,0,MI,bat,normal,MI,39,1,1,1,1
162,222,2010,Chennai,CSK,KKR,1,CSK,0,KKR,bat,normal,CSK,0,1,0,1,0
163,223,2010,Jaipur,RR,RR,1,RCB,0,RR,bat,normal,RCB,0,1,0,1,1
164,224,2010,Chennai,CSK,CSK,1,DD,0,CSK,bat,normal,DD,0,1,0,1,1
165,225,2010,Dharamsala,Dharamsala,KXIP,1,SRH,0,SRH,field,normal,SRH,0,0,0,0,2
166,226,2010,Bangalore,RCB,MI,1,RCB,0,RCB,field,normal,MI,57,0,1,0,0
167,227,2010,Kolkata,KKR,RR,1,KKR,0,RR,bat,normal,KKR,0,1,0,1,0
168,228,2010,Dharamsala,Dharamsala,KXIP,1,CSK,0,CSK,field,normal,CSK,0,0,0,0,2
169,229,2010,Delhi,DD,SRH,1,DD,0,SRH,bat,normal,SRH,11,1,1,1,0
170,230,2010,Kolkata,KKR,MI,1,KKR,0,MI,bat,normal,KKR,0,1,0,1,0
171,231,2010,Mumbai,MI,MI,1,RCB,0,MI,bat,normal,MI,35,1,1,1,1
172,232,2010,Mumbai,MI,CSK,1,SRH,0,CSK,bat,normal,CSK,38,1,1,1,2
173,233,2010,Mumbai,MI,SRH,1,RCB,0,SRH,bat,normal,RCB,0,1,0,1,2
174,234,2010,Mumbai,MI,CSK,1,MI,0,CSK,bat,normal,CSK,22,1,1,1,0
175,235,2011,Chennai,CSK,CSK,1,KKR,0,CSK,bat,normal,CSK,2,1,1,1,1
176,236,2011,Hyderabad,SRH,SRH,1,RR,0,RR,field,normal,RR,0,0,0,0,1
177,237,2011,Kochi,Kochi,KTK,1,RCB,0,KTK,bat,normal,RCB,0,1,0,1,2
178,238,2011,Delhi,DD,DD,1,MI,0,DD,bat,normal,MI,0,1,0,1,1
179,239,2011,Mumbai,MI,KXIP,1,RPS,0,KXIP,bat,normal,RPS,0,1,0,1,2
180,240,2011,Kolkata,KKR,KKR,1,SRH,0,KKR,bat,normal,KKR,9,1,1,1,1
181,241,2011,Jaipur,RR,DD,1,RR,0,DD,bat,normal,RR,0,1,0,1,0
182,242,2011,Bangalore,RCB,RCB,1,MI,0,MI,field,normal,MI,0,0,0,0,1
183,243,2011,Chandigarh,KXIP,CSK,1,KXIP,0,KXIP,field,normal,KXIP,0,0,0,0,0
184,244,2011,Mumbai,MI,KTK,1,RPS,0,KTK,bat,normal,RPS,0,1,0,1,2
185,245,2011,Hyderabad,SRH,SRH,1,RCB,0,RCB,field,normal,SRH,33,0,1,0,1
186,246,2011,Jaipur,RR,RR,1,KKR,0,KKR,field,normal,KKR,0,0,0,0,1
187,247,2011,Mumbai,MI,MI,1,KTK,0,KTK,field,normal,KTK,0,0,0,0,1
188,248,2011,Chennai,CSK,CSK,1,RCB,0,CSK,bat,normal,CSK,21,1,1,1,1
189,249,2011,Hyderabad,SRH,SRH,1,KXIP,0,KXIP,field,normal,KXIP,0,0,0,0,1
190,250,2011,Mumbai,MI,RPS,1,DD,0,DD,field,normal,DD,0,0,0,0,2
191,251,2011,Kolkata,KKR,RR,1,KKR,0,KKR,field,normal,KKR,0,0,0,0,0
192,252,2011,Kochi,Kochi,CSK,1,KTK,0,KTK,field,normal,KTK,0,0,0,0,2
193,253,2011,Delhi,DD,SRH,1,DD,0,SRH,bat,normal,SRH,16,1,1,1,0
194,254,2011,Mumbai,MI,RPS,1,MI,0,RPS,bat,normal,MI,0,1,0,1,0
195,255,2011,Kolkata,KKR,KTK,1,KKR,0,KKR,field,normal,KTK,6,0,1,0,0
196,256,2011,Chandigarh,KXIP,KXIP,1,RR,0,RR,field,normal,KXIP,48,0,1,0,1
197,257,2011,Mumbai,MI,MI,1,CSK,0,CSK,field,normal,MI,8,0,1,0,1
198,258,2011,Kolkata,KKR,KKR,1,RCB,0,RCB,field,normal,RCB,0,0,0,0,1
199,259,2011,Delhi,DD,DD,1,KXIP,0,KXIP,field,normal,DD,29,0,1,0,1
200,260,2011,Hyderabad,SRH,MI,1,SRH,0,SRH,field,normal,MI,37,0,1,0,0
201,261,2011,Jaipur,RR,KTK,1,RR,0,RR,field,normal,RR,0,0,0,0,0
202,262,2011,Chennai,CSK,CSK,1,RPS,0,RPS,field,normal,CSK,25,0,1,0,1
203,263,2011,Delhi,DD,DD,1,RCB,0,RCB,field,normal,RCB,0,0,0,0,1
204,264,2011,Mumbai,MI,RPS,1,CSK,0,RPS,bat,normal,CSK,0,1,0,1,2
205,265,2011,Kochi,Kochi,SRH,1,KTK,0,KTK,field,normal,SRH,55,0,1,0,2
206,266,2011,Delhi,DD,KKR,1,DD,0,DD,field,normal,KKR,17,0,1,0,0
207,267,2011,Jaipur,RR,MI,1,RR,0,RR,field,normal,RR,0,0,0,0,0
208,268,2011,Bangalore,RCB,RCB,1,RPS,0,RPS,field,normal,RCB,26,0,1,0,1
209,269,2011,Kochi,Kochi,DD,1,KTK,0,DD,bat,normal,DD,38,1,1,1,2
210,270,2011,Kolkata,KKR,KXIP,1,KKR,0,KKR,field,normal,KKR,0,0,0,0,0
211,271,2011,Jaipur,RR,RPS,1,RR,0,RR,field,normal,RR,0,0,0,0,0
212,272,2011,Chennai,CSK,CSK,1,SRH,0,CSK,bat,normal,CSK,19,1,1,1,1
213,273,2011,Mumbai,MI,MI,1,KXIP,0,KXIP,field,normal,MI,23,0,1,0,1
214,274,2011,Delhi,DD,DD,1,KTK,0,KTK,field,normal,KTK,0,0,0,0,1
215,275,2011,Hyderabad,SRH,KKR,1,SRH,0,SRH,field,normal,KKR,20,0,1,0,0
216,276,2011,Chennai,CSK,RR,1,CSK,0,RR,bat,normal,CSK,0,1,0,1,0
217,277,2011,Mumbai,MI,MI,1,RPS,0,RPS,field,normal,MI,21,0,1,0,1
218,278,2011,Kochi,Kochi,KTK,1,KKR,0,KKR,field,normal,KTK,17,0,1,0,2
219,279,2011,Hyderabad,SRH,SRH,1,DD,0,DD,field,normal,DD,0,0,0,0,1
220,280,2011,Bangalore,RCB,RCB,1,KXIP,0,KXIP,field,normal,RCB,85,0,1,0,1
221,281,2011,Kolkata,KKR,CSK,1,KKR,0,CSK,bat,normal,KKR,10,1,0,1,0
222,282,2011,Mumbai,MI,MI,1,DD,0,DD,field,normal,MI,32,0,1,0,1
223,283,2011,Bangalore,RCB,KTK,1,RCB,0,KTK,bat,normal,RCB,0,1,0,1,0
224,284,2011,Chandigarh,KXIP,KXIP,1,RPS,0,KXIP,bat,normal,RPS,0,1,0,1,1
225,285,2011,Jaipur,RR,CSK,1,RR,0,RR,field,normal,CSK,63,0,1,0,0
226,286,2011,Hyderabad,SRH,SRH,1,RPS,0,SRH,bat,normal,RPS,0,1,0,1,1
227,287,2011,Chandigarh,KXIP,KXIP,1,MI,0,MI,field,normal,KXIP,76,0,1,0,1
228,288,2011,Jaipur,RR,RR,1,RCB,0,RCB,field,normal,RCB,0,0,0,0,1
229,289,2011,Chennai,CSK,CSK,1,DD,0,CSK,bat,normal,CSK,18,1,1,1,1
230,290,2011,Indore,Indore,KTK,1,KXIP,0,KXIP,field,normal,KXIP,0,0,0,0,2
231,291,2011,Bangalore,RCB,KKR,1,RCB,0,RCB,field,normal,RCB,0,0,0,0,0
232,292,2011,Mumbai,MI,SRH,1,MI,0,SRH,bat,normal,SRH,10,1,1,1,0
233,293,2011,Dharamsala,Dharamsala,KXIP,1,DD,0,DD,field,normal,KXIP,29,0,1,0,2
234,294,2011,Indore,Indore,RR,1,KTK,0,KTK,field,normal,KTK,0,0,0,0,2
235,295,2011,Mumbai,MI,RPS,1,SRH,0,SRH,field,normal,SRH,0,0,0,0,2
236,296,2011,Dharamsala,Dharamsala,KXIP,1,RCB,0,KXIP,bat,normal,KXIP,111,1,1,1,2
237,297,2011,Chennai,CSK,CSK,1,KTK,0,CSK,bat,normal,CSK,11,1,1,1,1
238,298,2011,Mumbai,MI,RPS,1,KKR,0,KKR,field,normal,KKR,0,0,0,0,2
239,299,2011,Mumbai,MI,MI,1,RR,0,MI,bat,normal,RR,0,1,0,1,1
240,300,2011,Dharamsala,Dharamsala,SRH,1,KXIP,0,KXIP,field,normal,SRH,82,0,1,0,2
241,303,2011,Kolkata,KKR,KKR,1,MI,0,MI,field,normal,MI,0,0,0,0,1
242,304,2011,Mumbai,MI,RCB,1,CSK,0,CSK,field,normal,CSK,0,0,0,0,2
243,305,2011,Mumbai,MI,KKR,1,MI,0,MI,field,normal,MI,0,0,0,0,0
244,306,2011,Chennai,CSK,RCB,1,MI,0,MI,field,normal,RCB,43,0,1,0,2
245,307,2011,Chennai,CSK,CSK,1,RCB,0,CSK,bat,normal,CSK,58,1,1,1,1
246,308,2012,Chennai,CSK,CSK,1,MI,0,MI,field,normal,MI,0,0,0,0,1
247,309,2012,Kolkata,KKR,KKR,1,DD,0,DD,field,normal,DD,0,0,0,0,1
248,310,2012,Mumbai,MI,RPS,1,MI,0,MI,field,normal,RPS,28,0,1,0,0
249,311,2012,Jaipur,RR,RR,1,KXIP,0,KXIP,field,normal,RR,31,0,1,0,1
250,312,2012,Bangalore,RCB,RCB,1,DD,0,DD,field,normal,RCB,20,0,1,0,1
251,313,2012,Visakhapatnam,Visakhapatnam,CSK,1,SRH,0,SRH,field,normal,CSK,74,0,1,0,2
252,314,2012,Jaipur,RR,RR,1,KKR,0,KKR,field,normal,RR,22,0,1,0,1
253,315,2012,Pune,RPS,RPS,1,KXIP,0,RPS,bat,normal,RPS,22,1,1,1,1
254,316,2012,Visakhapatnam,Visakhapatnam,SRH,1,MI,0,SRH,bat,normal,MI,0,1,0,1,2
255,317,2012,Bangalore,RCB,KKR,1,RCB,0,RCB,field,normal,KKR,42,0,1,0,0
256,318,2012,Delhi,DD,CSK,1,DD,0,DD,field,normal,DD,0,0,0,0,0
257,319,2012,Mumbai,MI,MI,1,RR,0,RR,field,normal,MI,27,0,1,0,1
258,320,2012,Chennai,CSK,RCB,1,CSK,0,RCB,bat,normal,CSK,0,1,0,1,0
259,321,2012,Chandigarh,KXIP,RPS,1,KXIP,0,KXIP,field,normal,KXIP,0,0,0,0,0
260,322,2012,Kolkata,KKR,RR,1,KKR,0,RR,bat,normal,KKR,0,1,0,1,0
261,323,2012,Delhi,DD,SRH,1,DD,0,SRH,bat,normal,DD,0,1,0,1,0
262,324,2012,Pune,RPS,CSK,1,RPS,0,CSK,bat,normal,RPS,0,1,0,1,0
263,325,2012,Kolkata,KKR,KXIP,1,KKR,0,KKR,field,normal,KXIP,2,0,1,0,0
264,326,2012,Bangalore,RCB,RR,1,RCB,0,RR,bat,normal,RR,59,1,1,1,0
265,327,2012,Mumbai,MI,MI,1,DD,0,DD,field,normal,DD,0,0,0,0,1
266,328,2012,Jaipur,RR,SRH,1,RR,0,SRH,bat,normal,RR,0,1,0,1,0
267,329,2012,Bangalore,RCB,RPS,1,RCB,0,RPS,bat,normal,RCB,0,1,0,1,0
268,330,2012,Chandigarh,KXIP,KXIP,1,KKR,0,KXIP,bat,normal,KKR,0,1,0,1,1
269,331,2012,Hyderabad,SRH,SRH,1,DD,0,SRH,bat,normal,DD,0,1,0,1,1
270,332,2012,Chennai,CSK,CSK,1,RPS,0,RPS,field,normal,CSK,13,0,1,0,1
271,333,2012,Chandigarh,KXIP,KXIP,1,RCB,0,RCB,field,normal,RCB,0,0,0,0,1
272,334,2012,Chennai,CSK,RR,1,CSK,0,RR,bat,normal,CSK,0,1,0,1,0
273,335,2012,Delhi,DD,RPS,1,DD,0,DD,field,normal,RPS,20,0,1,0,0
274,336,2012,Mumbai,MI,MI,1,KXIP,0,MI,bat,normal,KXIP,0,1,0,1,1
275,337,2012,Cuttack,Cuttack,SRH,1,KKR,0,KKR,field,normal,KKR,0,0,0,0,2
276,338,2012,Jaipur,RR,RCB,1,RR,0,RR,field,normal,RCB,46,0,1,0,0
277,339,2012,Pune,RPS,RPS,1,DD,0,RPS,bat,normal,DD,0,1,0,1,1
278,340,2012,Chandigarh,KXIP,KXIP,1,MI,0,KXIP,bat,normal,MI,0,1,0,1,1
279,341,2012,Pune,RPS,SRH,1,RPS,0,SRH,bat,normal,SRH,18,1,1,1,0
280,342,2012,Delhi,DD,DD,1,MI,0,MI,field,normal,DD,37,0,1,0,1
281,343,2012,Chennai,CSK,KXIP,1,CSK,0,KXIP,bat,normal,KXIP,7,1,1,1,0
282,344,2012,Kolkata,KKR,KKR,1,RCB,0,KKR,bat,normal,KKR,47,1,1,1,1
283,345,2012,Delhi,DD,DD,1,RR,0,DD,bat,normal,DD,1,1,1,1,1
284,346,2012,Mumbai,MI,SRH,1,MI,0,MI,field,normal,MI,0,0,0,0,0
285,347,2012,Chennai,CSK,CSK,1,KKR,0,CSK,bat,normal,KKR,0,1,0,1,1
286,348,2012,Cuttack,Cuttack,SRH,1,RPS,0,SRH,bat,normal,SRH,13,1,1,1,2
287,349,2012,Jaipur,RR,RR,1,DD,0,RR,bat,normal,DD,0,1,0,1,1
288,350,2012,Bangalore,RCB,RCB,1,KXIP,0,KXIP,field,normal,KXIP,0,0,0,0,1
289,351,2012,Pune,RPS,MI,1,RPS,0,MI,bat,normal,MI,1,1,1,1,0
290,352,2012,Chennai,CSK,CSK,1,SRH,0,CSK,bat,normal,CSK,10,1,1,1,1
291,353,2012,Kolkata,KKR,KKR,1,RPS,0,KKR,bat,normal,KKR,7,1,1,1,1
292,354,2012,Chandigarh,KXIP,RR,1,KXIP,0,RR,bat,normal,RR,43,1,1,1,0
293,355,2012,Mumbai,MI,CSK,1,MI,0,MI,field,normal,MI,0,0,0,0,0
294,356,2012,Bangalore,RCB,SRH,1,RCB,0,RCB,field,normal,RCB,0,0,0,0,0
295,357,2012,Delhi,DD,DD,1,KKR,0,DD,bat,normal,KKR,0,1,0,1,1
296,358,2012,Pune,RPS,RPS,1,RR,0,RPS,bat,normal,RR,0,1,0,1,1
297,359,2012,Hyderabad,SRH,KXIP,1,SRH,0,SRH,field,normal,KXIP,25,0,1,0,0
298,360,2012,Mumbai,MI,MI,1,RCB,0,RCB,field,normal,RCB,0,0,0,0,1
299,361,2012,Jaipur,RR,RR,1,CSK,0,CSK,field,normal,CSK,0,0,0,0,1
300,362,2012,Pune,RPS,RCB,1,RPS,0,RPS,field,normal,RCB,35,0,1,0,0
301,363,2012,Kolkata,KKR,MI,1,KKR,0,MI,bat,normal,MI,27,1,1,1,0
302,364,2012,Chennai,CSK,DD,1,CSK,0,CSK,field,normal,CSK,0,0,0,0,0
303,365,2012,Jaipur,RR,RR,1,RPS,0,RR,bat,normal,RR,45,1,1,1,1
304,366,2012,Chandigarh,KXIP,SRH,1,KXIP,0,SRH,bat,normal,KXIP,0,1,0,1,0
305,367,2012,Bangalore,RCB,RCB,1,MI,0,MI,field,normal,MI,0,0,0,0,1
306,368,2012,Kolkata,KKR,KKR,1,CSK,0,CSK,field,normal,CSK,0,0,0,0,1
307,369,2012,Delhi,DD,KXIP,1,DD,0,KXIP,bat,normal,DD,0,1,0,1,0
308,370,2012,Mumbai,MI,KKR,1,MI,0,MI,field,normal,KKR,32,0,1,0,0
309,371,2012,Dharamsala,Dharamsala,CSK,1,KXIP,0,KXIP,field,normal,KXIP,0,0,0,0,2
310,372,2012,Delhi,DD,RCB,1,DD,0,DD,field,normal,RCB,21,0,1,0,0
311,373,2012,Hyderabad,SRH,RR,1,SRH,0,RR,bat,normal,SRH,0,1,0,1,0
312,374,2012,Dharamsala,Dharamsala,KXIP,1,DD,0,DD,field,normal,DD,0,0,0,0,2
313,375,2012,Pune,RPS,KKR,1,RPS,0,KKR,bat,normal,KKR,34,1,1,1,0
314,376,2012,Hyderabad,SRH,SRH,1,RCB,0,RCB,field,normal,SRH,9,0,1,0,1
315,377,2012,Jaipur,RR,RR,1,MI,0,RR,bat,normal,MI,0,1,0,1,1
316,378,2012,Pune,RPS,KKR,1,DD,0,KKR,bat,normal,KKR,18,1,1,1,2
317,379,2012,Bangalore,RCB,CSK,1,MI,0,MI,field,normal,CSK,38,0,1,0,2
318,380,2012,Chennai,CSK,CSK,1,DD,0,DD,field,normal,CSK,86,0,1,0,1
319,381,2012,Chennai,CSK,CSK,1,KKR,0,CSK,bat,normal,KKR,0,1,0,1,1
320,382,2013,Kolkata,KKR,DD,1,KKR,0,KKR,field,normal,KKR,0,0,0,0,0
321,383,2013,Bangalore,RCB,RCB,1,MI,0,MI,field,normal,RCB,2,0,1,0,1
322,384,2013,Hyderabad,SRH,SRH,1,RPS,0,RPS,field,normal,SRH,22,0,1,0,1
323,385,2013,Delhi,DD,RR,1,DD,0,RR,bat,normal,RR,5,1,1,1,0
324,386,2013,Chennai,CSK,MI,1,CSK,0,MI,bat,normal,MI,9,1,1,1,0
325,387,2013,Pune,RPS,RPS,1,KXIP,0,RPS,bat,normal,KXIP,0,1,0,1,1
326,388,2013,Hyderabad,SRH,RCB,1,SRH,0,RCB,bat,tie,SRH,0,1,0,1,0
327,389,2013,Jaipur,RR,RR,1,KKR,0,KKR,field,normal,RR,19,0,1,0,1
328,390,2013,Mumbai,MI,MI,1,DD,0,MI,bat,normal,MI,44,1,1,1,1
329,391,2013,Chandigarh,KXIP,KXIP,1,CSK,0,CSK,field,normal,CSK,0,0,0,0,1
330,392,2013,Bangalore,RCB,KKR,1,RCB,0,RCB,field,normal,RCB,0,0,0,0,0
331,393,2013,Pune,RPS,RR,1,RPS,0,RR,bat,normal,RPS,0,1,0,1,0
332,394,2013,Delhi,DD,DD,1,SRH,0,DD,bat,normal,SRH,0,1,0,1,1
333,395,2013,Mumbai,MI,MI,1,RPS,0,MI,bat,normal,MI,41,1,1,1,1
334,396,2013,Chennai,CSK,RCB,1,CSK,0,CSK,field,normal,CSK,0,0,0,0,0
335,397,2013,Kolkata,KKR,KKR,1,SRH,0,KKR,bat,normal,KKR,48,1,1,1,1
336,398,2013,Jaipur,RR,KXIP,1,RR,0,RR,field,normal,RR,0,0,0,0,0
337,399,2013,Chennai,CSK,RPS,1,CSK,0,RPS,bat,normal,RPS,24,1,1,1,0
338,400,2013,Chandigarh,KXIP,KXIP,1,KKR,0,KKR,field,normal,KXIP,4,0,1,0,1
339,401,2013,Bangalore,RCB,DD,1,RCB,0,RCB,field,tie,RCB,0,0,0,0,0
340,402,2013,Pune,RPS,SRH,1,RPS,0,RPS,field,normal,SRH,11,0,1,0,0
341,403,2013,Jaipur,RR,RR,1,MI,0,RR,bat,normal,RR,87,1,1,1,1
342,404,2013,Delhi,DD,CSK,1,DD,0,CSK,bat,normal,CSK,86,1,1,1,0
343,405,2013,Hyderabad,SRH,KXIP,1,SRH,0,KXIP,bat,normal,SRH,0,1,0,1,0
344,406,2013,Kolkata,KKR,KKR,1,CSK,0,KKR,bat,normal,CSK,0,1,0,1,1
345,407,2013,Bangalore,RCB,RR,1,RCB,0,RCB,field,normal,RCB,0,0,0,0,0
346,408,2013,Delhi,DD,MI,1,DD,0,MI,bat,normal,DD,0,1,0,1,0
347,409,2013,Chandigarh,KXIP,RPS,1,KXIP,0,KXIP,field,normal,KXIP,0,0,0,0,0
348,410,2013,Chennai,CSK,RR,1,CSK,0,RR,bat,normal,CSK,0,1,0,1,0
349,411,2013,Bangalore,RCB,RCB,1,RPS,0,RPS,field,normal,RCB,130,0,1,0,1
350,412,2013,Dharamsala,Dharamsala,KXIP,1,DD,0,DD,field,normal,KXIP,7,0,1,0,2
351,413,2013,Kolkata,KKR,KKR,1,MI,0,KKR,bat,normal,MI,0,1,0,1,1
352,414,2013,Chennai,CSK,SRH,1,CSK,0,SRH,bat,normal,CSK,0,1,0,1,0
353,415,2013,Kolkata,KKR,KXIP,1,KKR,0,KXIP,bat,normal,KKR,0,1,0,1,0
354,416,2013,Jaipur,RR,SRH,1,RR,0,SRH,bat,normal,RR,0,1,0,1,0
355,417,2013,Mumbai,MI,MI,1,RCB,0,MI,bat,normal,MI,58,1,1,1,1
356,418,2013,Chennai,CSK,CSK,1,KKR,0,KKR,field,normal,CSK,14,0,1,0,1
357,419,2013,Raipur,Raipur,DD,1,RPS,0,RPS,field,normal,DD,15,0,1,0,2
358,420,2013,Jaipur,RR,RCB,1,RR,0,RR,field,normal,RR,0,0,0,0,0
359,421,2013,Mumbai,MI,MI,1,KXIP,0,MI,bat,normal,MI,4,1,1,1,1
360,422,2013,Pune,RPS,CSK,1,RPS,0,CSK,bat,normal,CSK,37,1,1,1,0
361,423,2013,Hyderabad,SRH,MI,1,SRH,0,MI,bat,normal,SRH,0,1,0,1,0
362,424,2013,Raipur,Raipur,KKR,1,DD,0,KKR,bat,normal,DD,0,1,0,1,2
363,425,2013,Chennai,CSK,CSK,1,KXIP,0,CSK,bat,normal,CSK,15,1,1,1,1
364,426,2013,Pune,RPS,RCB,1,RPS,0,RCB,bat,normal,RCB,17,1,1,1,0
365,427,2013,Kolkata,KKR,RR,1,KKR,0,RR,bat,normal,KKR,0,1,0,1,0
366,428,2013,Hyderabad,SRH,DD,1,SRH,0,DD,bat,normal,SRH,0,1,0,1,0
367,429,2013,Bangalore,RCB,RCB,1,KXIP,0,KXIP,field,normal,KXIP,0,0,0,0,1
368,430,2013,Mumbai,MI,MI,1,CSK,0,MI,bat,normal,MI,60,1,1,1,1
369,431,2013,Jaipur,RR,RPS,1,RR,0,RPS,bat,normal,RR,0,1,0,1,0
370,432,2013,Bangalore,RCB,SRH,1,RCB,0,SRH,bat,normal,RCB,0,1,0,1,0
371,433,2013,Jaipur,RR,DD,1,RR,0,DD,bat,normal,RR,0,1,0,1,0
372,434,2013,Mumbai,MI,MI,1,KKR,0,MI,bat,normal,MI,65,1,1,1,1
373,435,2013,Hyderabad,SRH,CSK,1,SRH,0,SRH,field,normal,CSK,77,0,1,0,0
374,436,2013,Chandigarh,KXIP,KXIP,1,RR,0,RR,field,normal,RR,0,0,0,0,1
375,437,2013,Pune,RPS,KKR,1,RPS,0,KKR,bat,normal,KKR,46,1,1,1,0
376,438,2013,Delhi,DD,RCB,1,DD,0,DD,field,normal,RCB,4,0,1,0,0
377,439,2013,Pune,RPS,RPS,1,MI,0,RPS,bat,normal,MI,0,1,0,1,1
378,440,2013,Chandigarh,KXIP,SRH,1,KXIP,0,KXIP,field,normal,SRH,30,0,1,0,0
379,441,2013,Ranchi,Ranchi,RCB,1,KKR,0,KKR,field,normal,KKR,0,0,0,0,2
380,442,2013,Jaipur,RR,CSK,1,RR,0,RR,field,normal,RR,0,0,0,0,0
381,443,2013,Delhi,DD,DD,1,KXIP,0,KXIP,field,normal,KXIP,0,0,0,0,1
382,444,2013,Mumbai,MI,SRH,1,MI,0,SRH,bat,normal,MI,0,1,0,1,0
383,445,2013,Ranchi,Ranchi,RPS,1,KKR,0,KKR,field,normal,RPS,7,0,1,0,2
384,446,2013,Chennai,CSK,CSK,1,DD,0,CSK,bat,normal,CSK,33,1,1,1,1
385,447,2013,Mumbai,MI,MI,1,RR,0,RR,field,normal,MI,14,0,1,0,1
386,448,2013,Chandigarh,KXIP,RCB,1,KXIP,0,KXIP,field,normal,KXIP,0,0,0,0,0
387,449,2013,Hyderabad,SRH,SRH,1,RR,0,SRH,bat,normal,SRH,23,1,1,1,1
388,450,2013,Dharamsala,Dharamsala,KXIP,1,MI,0,MI,field,normal,KXIP,50,0,1,0,2
389,451,2013,Pune,RPS,RPS,1,DD,0,RPS,bat,normal,RPS,38,1,1,1,1
390,452,2013,Bangalore,RCB,RCB,1,CSK,0,CSK,field,normal,RCB,24,0,1,0,1
391,453,2013,Hyderabad,SRH,KKR,1,SRH,0,KKR,bat,normal,SRH,0,1,0,1,0
392,454,2013,Delhi,DD,CSK,1,MI,0,CSK,bat,normal,CSK,48,1,1,1,2
393,455,2013,Delhi,DD,SRH,1,RR,0,SRH,bat,normal,RR,0,1,0,1,2
394,456,2013,Kolkata,KKR,RR,1,MI,0,RR,bat,normal,MI,0,1,0,1,2
395,457,2013,Kolkata,KKR,MI,1,CSK,0,MI,bat,normal,MI,23,1,1,1,2
396,458,2014,Abu Dhabi,Abu Dhabi,KKR,1,MI,0,KKR,bat,normal,KKR,41,1,1,1,2
397,459,2014,Sharjah,Sharjah,DD,1,RCB,0,RCB,field,normal,RCB,0,0,0,0,2
398,460,2014,Abu Dhabi,Abu Dhabi,CSK,1,KXIP,0,CSK,bat,normal,KXIP,0,1,0,1,2
399,461,2014,Abu Dhabi,Abu Dhabi,SRH,1,RR,0,RR,field,normal,RR,0,0,0,0,2
400,462,2014,Dubai,Dubai,MI,1,RCB,0,RCB,field,normal,RCB,0,0,0,0,2
401,463,2014,Dubai,Dubai,KKR,1,DD,0,KKR,bat,normal,DD,0,1,0,1,2
402,464,2014,Sharjah,Sharjah,RR,1,KXIP,0,KXIP,field,normal,KXIP,0,0,0,0,2
403,465,2014,Abu Dhabi,Abu Dhabi,CSK,1,DD,0,CSK,bat,normal,CSK,93,1,1,1,2
404,466,2014,Sharjah,Sharjah,KXIP,1,SRH,0,SRH,field,normal,KXIP,72,0,1,0,2
405,467,2014,Dubai,Dubai,CSK,1,RR,0,RR,field,normal,CSK,7,0,1,0,2
406,468,2014,Sharjah,Sharjah,KKR,1,RCB,0,RCB,field,normal,KKR,2,0,1,0,2
407,469,2014,Dubai,Dubai,SRH,1,DD,0,SRH,bat,normal,SRH,4,1,1,1,2
408,470,2014,Dubai,Dubai,MI,1,CSK,0,MI,bat,normal,CSK,0,1,0,1,2
409,471,2014,Abu Dhabi,Abu Dhabi,RCB,1,RR,0,RR,field,normal,RR,0,0,0,0,2
410,472,2014,Abu Dhabi,Abu Dhabi,KXIP,1,KKR,0,KKR,field,normal,KXIP,23,0,1,0,2
411,473,2014,Sharjah,Sharjah,MI,1,DD,0,MI,bat,normal,DD,0,1,0,1,2
412,474,2014,Sharjah,Sharjah,SRH,1,CSK,0,SRH,bat,normal,CSK,0,1,0,1,2
413,475,2014,Dubai,Dubai,RCB,1,KXIP,0,KXIP,field,normal,KXIP,0,0,0,0,2
414,476,2014,Abu Dhabi,Abu Dhabi,RR,1,KKR,0,RR,bat,tie,RR,0,1,1,1,2
415,477,2014,Dubai,Dubai,SRH,1,MI,0,MI,field,normal,SRH,15,0,1,0,2
416,478,2014,Ranchi,Ranchi,CSK,1,KKR,0,CSK,bat,normal,CSK,34,1,1,1,2
417,479,2014,Mumbai,MI,KXIP,1,MI,0,KXIP,bat,normal,MI,0,1,0,1,0
418,480,2014,Delhi,DD,DD,1,RR,0,RR,field,normal,RR,0,0,0,0,1
419,481,2014,Bangalore,RCB,SRH,1,RCB,0,RCB,field,normal,RCB,0,0,0,0,0
420,482,2014,Ahmedabad,Ahmedabad,RR,1,KKR,0,KKR,field,normal,RR,10,0,1,0,2
421,483,2014,Delhi,DD,DD,1,CSK,0,CSK,field,normal,CSK,0,0,0,0,1
422,484,2014,Mumbai,MI,MI,1,RCB,0,RCB,field,normal,MI,19,0,1,0,1
423,485,2014,Delhi,DD,DD,1,KKR,0,DD,bat,normal,KKR,0,1,0,1,1
424,486,2014,Cuttack,Cuttack,KXIP,1,CSK,0,CSK,field,normal,KXIP,44,0,1,0,2
425,487,2014,Ahmedabad,Ahmedabad,SRH,1,RR,0,RR,field,normal,SRH,32,0,1,0,2
426,488,2014,Bangalore,RCB,KXIP,1,RCB,0,RCB,field,normal,KXIP,32,0,1,0,0
427,489,2014,Delhi,DD,DD,1,SRH,0,SRH,field,normal,SRH,0,0,0,0,1
428,490,2014,Mumbai,MI,MI,1,CSK,0,CSK,field,normal,CSK,0,0,0,0,1
429,491,2014,Cuttack,Cuttack,KXIP,1,KKR,0,KKR,field,normal,KKR,0,0,0,0,2
430,492,2014,Bangalore,RCB,RCB,1,RR,0,RCB,bat,normal,RR,0,1,0,1,1
431,493,2014,Hyderabad,SRH,SRH,1,MI,0,SRH,bat,normal,MI,0,1,0,1,1
432,494,2014,Ranchi,Ranchi,RR,1,CSK,0,RR,bat,normal,CSK,0,1,0,1,2
433,495,2014,Bangalore,RCB,RCB,1,DD,0,DD,field,normal,RCB,16,0,1,0,1
434,496,2014,Hyderabad,SRH,SRH,1,KXIP,0,KXIP,field,normal,KXIP,0,0,0,0,1
435,497,2014,Cuttack,Cuttack,MI,1,KKR,0,KKR,field,normal,KKR,0,0,0,0,2
436,498,2014,Ahmedabad,Ahmedabad,RR,1,DD,0,DD,field,normal,RR,62,0,1,0,2
437,499,2014,Ranchi,Ranchi,CSK,1,RCB,0,CSK,bat,normal,RCB,0,1,0,1,2
438,500,2014,Hyderabad,SRH,SRH,1,KKR,0,SRH,bat,normal,KKR,0,1,0,1,1
439,501,2014,Ahmedabad,Ahmedabad,MI,1,RR,0,MI,bat,normal,MI,25,1,1,1,2
440,502,2014,Delhi,DD,DD,1,KXIP,0,KXIP,field,normal,KXIP,0,0,0,0,1
441,503,2014,Hyderabad,SRH,RCB,1,SRH,0,RCB,bat,normal,SRH,0,1,0,1,0
442,504,2014,Kolkata,KKR,CSK,1,KKR,0,KKR,field,normal,KKR,0,0,0,0,0
443,505,2014,Chandigarh,KXIP,KXIP,1,MI,0,MI,field,normal,MI,0,0,0,0,1
444,506,2014,Kolkata,KKR,KKR,1,RCB,0,RCB,field,normal,KKR,30,0,1,0,1
445,507,2014,Ranchi,Ranchi,CSK,1,SRH,0,SRH,field,normal,SRH,0,0,0,0,2
446,508,2014,Mumbai,MI,MI,1,DD,0,DD,field,normal,MI,15,0,1,0,1
447,509,2014,Chandigarh,KXIP,KXIP,1,RR,0,RR,field,normal,KXIP,16,0,1,0,1
448,510,2014,Bangalore,RCB,RCB,1,CSK,0,CSK,field,normal,CSK,0,0,0,0,1
449,511,2014,Kolkata,KKR,SRH,1,KKR,0,KKR,field,normal,KKR,0,0,0,0,0
450,512,2014,Chandigarh,KXIP,DD,1,KXIP,0,KXIP,field,normal,KXIP,0,0,0,0,0
451,513,2014,Mumbai,MI,RR,1,MI,0,MI,field,normal,MI,0,0,0,0,0
452,514,2014,Kolkata,KKR,KKR,1,KXIP,0,KXIP,field,normal,KKR,28,0,1,0,1
453,515,2014,Mumbai,MI,MI,1,CSK,0,CSK,field,normal,CSK,0,0,0,0,1
454,516,2014,Mumbai,MI,KXIP,1,CSK,0,CSK,field,normal,KXIP,24,0,1,0,2
455,517,2014,Bangalore,RCB,KXIP,1,KKR,0,KKR,field,normal,KKR,0,0,0,0,2
456,518,2015,Kolkata,KKR,MI,1,KKR,0,KKR,field,normal,KKR,0,0,0,0,0
457,519,2015,Chennai,CSK,CSK,1,DD,0,DD,field,normal,CSK,1,0,1,0,1
458,520,2015,Pune,RPS,RR,1,KXIP,0,KXIP,field,normal,RR,26,0,1,0,2
459,521,2015,Chennai,CSK,CSK,1,SRH,0,CSK,bat,normal,CSK,45,1,1,1,1
460,522,2015,Kolkata,KKR,KKR,1,RCB,0,RCB,field,normal,RCB,0,0,0,0,1
461,523,2015,Delhi,DD,DD,1,RR,0,RR,field,normal,RR,0,0,0,0,1
462,524,2015,Mumbai,MI,KXIP,1,MI,0,MI,field,normal,KXIP,18,0,1,0,0
463,525,2015,Bangalore,RCB,RCB,1,SRH,0,SRH,field,normal,SRH,0,0,0,0,1
464,526,2015,Ahmedabad,Ahmedabad,MI,1,RR,0,MI,bat,normal,RR,0,1,0,1,2
465,527,2015,Kolkata,KKR,CSK,1,KKR,0,KKR,field,normal,KKR,0,0,0,0,0
466,528,2015,Pune,RPS,KXIP,1,DD,0,KXIP,bat,normal,DD,0,1,0,1,2
467,529,2015,Visakhapatnam,Visakhapatnam,SRH,1,RR,0,RR,field,normal,RR,0,0,0,0,2
468,530,2015,Mumbai,MI,MI,1,CSK,0,MI,bat,normal,CSK,0,1,0,1,1
469,531,2015,Visakhapatnam,Visakhapatnam,DD,1,SRH,0,DD,bat,normal,DD,4,1,1,1,2
470,532,2015,Pune,RPS,KXIP,1,KKR,0,KKR,field,normal,KKR,0,0,0,0,2
471,533,2015,Ahmedabad,Ahmedabad,CSK,1,RR,0,CSK,bat,normal,RR,0,1,0,1,2
472,534,2015,Bangalore,RCB,MI,1,RCB,0,RCB,field,normal,MI,18,0,1,0,0
473,535,2015,Delhi,DD,DD,1,KKR,0,KKR,field,normal,KKR,0,0,0,0,1
474,536,2015,Ahmedabad,Ahmedabad,RR,1,KXIP,0,KXIP,field,tie,KXIP,0,0,0,0,2
475,537,2015,Visakhapatnam,Visakhapatnam,SRH,1,KKR,0,KKR,field,normal,SRH,16,0,1,0,2
476,538,2015,Bangalore,RCB,CSK,1,RCB,0,RCB,field,normal,CSK,27,0,1,0,0
477,539,2015,Delhi,DD,DD,1,MI,0,MI,field,normal,DD,37,0,1,0,1
478,540,2015,Ahmedabad,Ahmedabad,RR,1,RCB,0,RCB,field,normal,RCB,0,0,0,0,2
479,541,2015,Mumbai,MI,MI,1,SRH,0,MI,bat,normal,MI,20,1,1,1,1
480,542,2015,Chennai,CSK,CSK,1,KXIP,0,CSK,bat,normal,CSK,97,1,1,1,1
481,543,2015,Delhi,DD,DD,1,RCB,0,RCB,field,normal,RCB,0,0,0,0,1
482,544,2015,Chandigarh,KXIP,SRH,1,KXIP,0,KXIP,field,normal,SRH,20,0,1,0,0
483,545,2015,Kolkata,KKR,KKR,1,DD,0,KKR,bat,normal,KKR,13,1,1,1,1
484,547,2015,Chennai,CSK,CSK,1,KKR,0,KKR,field,normal,CSK,2,0,1,0,1
485,549,2015,Mumbai,MI,MI,1,RR,0,RR,field,normal,MI,8,0,1,0,1
486,550,2015,Bangalore,RCB,KKR,1,RCB,0,RCB,field,normal,RCB,0,0,0,0,0
487,551,2015,Hyderabad,SRH,SRH,1,CSK,0,CSK,field,normal,SRH,22,0,1,0,1
488,552,2015,Chandigarh,KXIP,MI,1,KXIP,0,MI,bat,normal,MI,23,1,1,1,0
489,553,2015,Mumbai,MI,RR,1,DD,0,DD,field,normal,RR,14,0,1,0,2
490,554,2015,Chennai,CSK,CSK,1,RCB,0,CSK,bat,normal,CSK,24,1,1,1,1
491,555,2015,Kolkata,KKR,KKR,1,SRH,0,SRH,field,normal,KKR,35,0,1,0,1
492,556,2015,Mumbai,MI,DD,1,MI,0,DD,bat,normal,MI,0,1,0,1,0
493,557,2015,Bangalore,RCB,RCB,1,KXIP,0,KXIP,field,normal,RCB,138,0,1,0,1
494,558,2015,Mumbai,MI,SRH,1,RR,0,RR,field,normal,SRH,7,0,1,0,2
495,559,2015,Chennai,CSK,CSK,1,MI,0,CSK,bat,normal,MI,0,1,0,1,1
496,560,2015,Kolkata,KKR,KXIP,1,KKR,0,KXIP,bat,normal,KKR,0,1,0,1,0
497,561,2015,Raipur,Raipur,SRH,1,DD,0,SRH,bat,normal,SRH,6,1,1,1,2
498,562,2015,Mumbai,MI,RCB,1,MI,0,RCB,bat,normal,RCB,39,1,1,1,0
499,563,2015,Chennai,CSK,CSK,1,RR,0,CSK,bat,normal,CSK,12,1,1,1,1
500,564,2015,Hyderabad,SRH,SRH,1,KXIP,0,SRH,bat,normal,SRH,5,1,1,1,1
501,565,2015,Raipur,Raipur,CSK,1,DD,0,CSK,bat,normal,DD,0,1,0,1,2
502,566,2015,Chandigarh,KXIP,KXIP,1,RCB,0,RCB,field,normal,KXIP,22,0,1,0,1
503,567,2015,Mumbai,MI,MI,1,KKR,0,KKR,field,normal,MI,5,0,1,0,1
504,568,2015,Hyderabad,SRH,SRH,1,RCB,0,SRH,bat,normal,RCB,0,1,0,1,1
505,569,2015,Chandigarh,KXIP,KXIP,1,CSK,0,KXIP,bat,normal,CSK,0,1,0,1,1
506,570,2015,Mumbai,MI,RR,1,KKR,0,RR,bat,normal,RR,9,1,1,1,2
507,572,2015,Hyderabad,SRH,SRH,1,MI,0,SRH,bat,normal,MI,0,1,0,1,1
508,573,2015,Mumbai,MI,MI,1,CSK,0,MI,bat,normal,MI,25,1,1,1,1
509,575,2015,Ranchi,Ranchi,RCB,1,CSK,0,CSK,field,normal,CSK,0,0,0,0,2
510,576,2015,Kolkata,KKR,MI,1,CSK,0,CSK,field,normal,MI,41,0,1,0,2
511,577,2016,Mumbai,MI,MI,1,RPS,0,MI,bat,normal,RPS,0,1,0,1,1
512,578,2016,Kolkata,KKR,DD,1,KKR,0,KKR,field,normal,KKR,0,0,0,0,0
513,579,2016,Chandigarh,KXIP,KXIP,1,GL,0,GL,field,normal,GL,0,0,0,0,1
514,580,2016,Bangalore,RCB,RCB,1,SRH,0,SRH,field,normal,RCB,45,0,1,0,1
515,581,2016,Kolkata,KKR,KKR,1,MI,0,MI,field,normal,MI,0,0,0,0,1
516,582,2016,Rajkot,GL,RPS,1,GL,0,RPS,bat,normal,GL,0,1,0,1,0
517,583,2016,Delhi,DD,KXIP,1,DD,0,DD,field,normal,DD,0,0,0,0,0
518,584,2016,Hyderabad,SRH,SRH,1,KKR,0,SRH,bat,normal,KKR,0,1,0,1,1
519,585,2016,Mumbai,MI,MI,1,GL,0,GL,field,normal,GL,0,0,0,0,1
520,586,2016,Chandigarh,KXIP,RPS,1,KXIP,0,RPS,bat,normal,KXIP,0,1,0,1,0
521,587,2016,Bangalore,RCB,RCB,1,DD,0,DD,field,normal,DD,0,0,0,0,1
522,588,2016,Hyderabad,SRH,MI,1,SRH,0,SRH,field,normal,SRH,0,0,0,0,0
523,589,2016,Chandigarh,KXIP,KXIP,1,KKR,0,KKR,field,normal,KKR,0,0,0,0,1
524,590,2016,Mumbai,MI,RCB,1,MI,0,MI,field,normal,MI,0,0,0,0,0
525,591,2016,Rajkot,GL,GL,1,SRH,0,SRH,field,normal,SRH,0,0,0,0,1
526,592,2016,Pune,RPS,RCB,1,RPS,0,RPS,field,normal,RCB,13,0,1,0,0
527,593,2016,Delhi,DD,DD,1,MI,0,MI,field,normal,DD,10,0,1,0,1
528,594,2016,Hyderabad,SRH,KXIP,1,SRH,0,SRH,field,normal,SRH,0,0,0,0,0
529,595,2016,Rajkot,GL,RCB,1,GL,0,RCB,bat,normal,GL,0,1,0,1,0
530,596,2016,Pune,RPS,RPS,1,KKR,0,KKR,field,normal,KKR,0,0,0,0,1
531,597,2016,Chandigarh,KXIP,MI,1,KXIP,0,KXIP,field,normal,MI,25,0,1,0,0
532,598,2016,Hyderabad,SRH,SRH,1,RPS,0,RPS,field,normal,RPS,34,0,0,0,1
533,599,2016,Delhi,DD,GL,1,DD,0,DD,field,normal,GL,1,0,1,0,0
534,600,2016,Mumbai,MI,KKR,1,MI,0,MI,field,normal,MI,0,0,0,0,0
535,601,2016,Pune,RPS,RPS,1,GL,0,GL,field,normal,GL,0,0,0,0,1
536,602,2016,Delhi,DD,DD,1,KKR,0,KKR,field,normal,DD,27,0,1,0,1
537,603,2016,Hyderabad,SRH,SRH,1,RCB,0,RCB,field,normal,SRH,15,0,1,0,1
538,604,2016,Rajkot,GL,KXIP,1,GL,0,GL,field,normal,KXIP,23,0,1,0,0
539,605,2016,Pune,RPS,RPS,1,MI,0,MI,field,normal,MI,0,0,0,0,1
540,606,2016,Bangalore,RCB,RCB,1,KKR,0,KKR,field,normal,KKR,0,0,0,0,1
541,607,2016,Rajkot,GL,GL,1,DD,0,DD,field,normal,DD,0,0,0,0,1
542,608,2016,Kolkata,KKR,KKR,1,KXIP,0,KXIP,field,normal,KKR,7,0,1,0,1
543,609,2016,Delhi,DD,DD,1,RPS,0,RPS,field,normal,RPS,0,0,0,0,1
544,610,2016,Hyderabad,SRH,GL,1,SRH,0,SRH,field,normal,SRH,0,0,0,0,0
545,611,2016,Bangalore,RCB,RPS,1,RCB,0,RCB,field,normal,RCB,0,0,0,0,0
546,612,2016,Chandigarh,KXIP,KXIP,1,DD,0,DD,field,normal,KXIP,9,0,1,0,1
547,613,2016,Visakhapatnam,Visakhapatnam,SRH,1,MI,0,MI,field,normal,SRH,85,0,1,0,2
548,614,2016,Kolkata,KKR,KKR,1,GL,0,GL,field,normal,GL,0,0,0,0,1
549,615,2016,Chandigarh,KXIP,RCB,1,KXIP,0,KXIP,field,normal,RCB,1,0,1,0,0
550,616,2016,Visakhapatnam,Visakhapatnam,SRH,1,RPS,0,SRH,bat,normal,SRH,4,1,1,1,2
551,617,2016,Bangalore,RCB,RCB,1,MI,0,MI,field,normal,MI,0,0,0,0,1
552,618,2016,Hyderabad,SRH,SRH,1,DD,0,DD,field,normal,DD,0,0,0,0,1
553,619,2016,Visakhapatnam,Visakhapatnam,MI,1,KXIP,0,MI,bat,normal,KXIP,0,1,0,1,2
554,620,2016,Bangalore,RCB,RCB,1,GL,0,GL,field,normal,RCB,144,0,1,0,1
555,621,2016,Kolkata,KKR,RPS,1,KKR,0,RPS,bat,normal,KKR,0,1,0,1,0
556,622,2016,Chandigarh,KXIP,KXIP,1,SRH,0,KXIP,bat,normal,SRH,0,1,0,1,1
557,623,2016,Visakhapatnam,Visakhapatnam,MI,1,DD,0,DD,field,normal,MI,80,0,1,0,2
558,624,2016,Kolkata,KKR,KKR,1,RCB,0,RCB,field,normal,RCB,0,0,0,0,1
559,625,2016,Visakhapatnam,Visakhapatnam,DD,1,RPS,0,RPS,field,normal,RPS,19,0,0,0,2
560,626,2016,Bangalore,RCB,RCB,1,KXIP,0,KXIP,field,normal,RCB,82,0,1,0,1
561,627,2016,Kanpur,Kanpur,KKR,1,GL,0,GL,field,normal,GL,0,0,0,0,2
562,628,2016,Raipur,Raipur,SRH,1,DD,0,DD,field,normal,DD,0,0,0,0,2
563,629,2016,Visakhapatnam,Visakhapatnam,KXIP,1,RPS,0,KXIP,bat,normal,RPS,0,1,0,1,2
564,630,2016,Kanpur,Kanpur,MI,1,GL,0,GL,field,normal,GL,0,0,0,0,2
565,631,2016,Kolkata,KKR,KKR,1,SRH,0,SRH,field,normal,KKR,22,0,1,0,1
566,632,2016,Raipur,Raipur,DD,1,RCB,0,RCB,field,normal,RCB,0,0,0,0,2
567,633,2016,Bangalore,RCB,GL,1,RCB,0,RCB,field,normal,RCB,0,0,0,0,0
568,634,2016,Delhi,DD,SRH,1,KKR,0,KKR,field,normal,SRH,22,0,1,0,2
569,635,2016,Delhi,DD,GL,1,SRH,0,SRH,field,normal,SRH,0,0,0,0,2
570,636,2016,Bangalore,RCB,SRH,1,RCB,0,SRH,bat,normal,SRH,8,1,1,1,0
571,1,2017,Hyderabad,SRH,SRH,1,RCB,0,RCB,field,normal,SRH,35,0,1,0,1
572,2,2017,Pune,RPS,RPS,1,MI,0,RPS,field,normal,RPS,0,1,1,0,1
573,3,2017,Rajkot,GL,KKR,1,GL,0,KKR,field,normal,KKR,0,1,1,0,0
574,4,2017,Indore,Indore,KXIP,1,RPS,0,KXIP,field,normal,KXIP,0,1,1,0,2
575,5,2017,Bangalore,RCB,RCB,1,DD,0,RCB,bat,normal,RCB,15,1,1,1,1
576,6,2017,Hyderabad,SRH,SRH,1,GL,0,SRH,field,normal,SRH,0,1,1,0,1
577,7,2017,Mumbai,MI,MI,1,KKR,0,MI,field,normal,MI,0,1,1,0,1
578,8,2017,Indore,Indore,KXIP,1,RCB,0,RCB,bat,normal,KXIP,0,0,1,1,2
579,9,2017,Pune,RPS,DD,1,RPS,0,RPS,field,normal,DD,97,0,1,0,0
580,10,2017,Mumbai,MI,MI,1,SRH,0,MI,field,normal,MI,0,1,1,0,1
581,11,2017,Kolkata,KKR,KKR,1,KXIP,0,KKR,field,normal,KKR,0,1,1,0,1
582,12,2017,Bangalore,RCB,MI,1,RCB,0,MI,field,normal,MI,0,1,1,0,0
583,13,2017,Rajkot,GL,GL,1,RPS,0,GL,field,normal,GL,0,1,1,0,1
584,14,2017,Kolkata,KKR,KKR,1,SRH,0,SRH,field,normal,KKR,17,0,1,0,1
585,15,2017,Delhi,DD,DD,1,KXIP,0,DD,bat,normal,DD,51,1,1,1,1
586,16,2017,Mumbai,MI,MI,1,GL,0,MI,field,normal,MI,0,1,1,0,1
587,17,2017,Bangalore,RCB,RPS,1,RCB,0,RCB,field,normal,RPS,27,0,1,0,0
588,18,2017,Delhi,DD,KKR,1,DD,0,DD,bat,normal,KKR,0,0,1,1,0
589,19,2017,Hyderabad,SRH,SRH,1,KXIP,0,KXIP,field,normal,SRH,5,0,1,0,1
590,20,2017,Rajkot,GL,RCB,1,GL,0,GL,field,normal,RCB,21,0,1,0,0
591,21,2017,Hyderabad,SRH,SRH,1,DD,0,SRH,bat,normal,SRH,15,1,1,1,1
592,22,2017,Indore,Indore,MI,1,KXIP,0,MI,field,normal,MI,0,1,1,0,2
593,23,2017,Kolkata,KKR,GL,1,KKR,0,GL,field,normal,GL,0,1,1,0,0
594,24,2017,Mumbai,MI,MI,1,DD,0,DD,field,normal,MI,14,0,1,0,1
595,25,2017,Pune,RPS,RPS,1,SRH,0,RPS,field,normal,RPS,0,1,1,0,1
596,26,2017,Rajkot,GL,KXIP,1,GL,0,GL,field,normal,KXIP,26,0,1,0,0
597,27,2017,Kolkata,KKR,KKR,1,RCB,0,RCB,field,normal,KKR,82,0,1,0,1
598,28,2017,Mumbai,MI,RPS,1,MI,0,MI,field,normal,RPS,3,0,1,0,0
599,29,2017,Pune,RPS,KKR,1,RPS,0,KKR,field,normal,KKR,0,1,1,0,0
600,30,2017,Bangalore,RCB,GL,1,RCB,0,GL,field,normal,GL,0,1,1,0,0
601,31,2017,Kolkata,KKR,KKR,1,DD,0,KKR,field,normal,KKR,0,1,1,0,1
602,32,2017,Chandigarh,KXIP,SRH,1,KXIP,0,KXIP,field,normal,SRH,26,0,1,0,0
603,33,2017,Pune,RPS,RPS,1,RCB,0,RCB,field,normal,RPS,61,0,1,0,1
604,34,2017,Rajkot,GL,MI,1,GL,0,GL,bat,tie,MI,0,0,1,1,0
605,35,2017,Chandigarh,KXIP,KXIP,1,DD,0,KXIP,field,normal,KXIP,0,1,1,0,1
606,36,2017,Hyderabad,SRH,SRH,1,KKR,0,KKR,field,normal,SRH,48,0,1,0,1
607,37,2017,Mumbai,MI,MI,1,RCB,0,RCB,bat,normal,MI,0,0,1,1,1
608,38,2017,Pune,RPS,RPS,1,GL,0,RPS,field,normal,RPS,0,1,1,0,1
609,39,2017,Delhi,DD,DD,1,SRH,0,DD,field,normal,DD,0,1,1,0,1
610,40,2017,Kolkata,KKR,RPS,1,KKR,0,RPS,field,normal,RPS,0,1,1,0,0
611,41,2017,Delhi,DD,DD,1,GL,0,DD,field,normal,DD,0,1,1,0,1
612,42,2017,Bangalore,RCB,KXIP,1,RCB,0,RCB,field,normal,KXIP,19,0,1,0,0
613,43,2017,Hyderabad,SRH,RPS,1,SRH,0,SRH,field,normal,RPS,12,0,1,0,0
614,44,2017,Delhi,DD,MI,1,DD,0,DD,field,normal,MI,146,0,1,0,0
615,45,2017,Bangalore,RCB,KKR,1,RCB,0,KKR,field,normal,KKR,0,1,1,0,0
616,46,2017,Chandigarh,KXIP,GL,1,KXIP,0,GL,field,normal,GL,0,1,1,0,0
617,47,2017,Hyderabad,SRH,SRH,1,MI,0,MI,bat,normal,SRH,0,0,1,1,1
618,48,2017,Chandigarh,KXIP,KXIP,1,KKR,0,KKR,field,normal,KXIP,14,0,1,0,1
619,49,2017,Kanpur,Kanpur,DD,1,GL,0,DD,field,normal,DD,0,1,1,0,2
620,50,2017,Mumbai,MI,KXIP,1,MI,0,MI,field,normal,KXIP,7,0,1,0,0
621,51,2017,Delhi,DD,DD,1,RPS,0,DD,bat,normal,DD,7,1,1,1,1
622,52,2017,Kanpur,Kanpur,SRH,1,GL,0,SRH,field,normal,SRH,0,1,1,0,2
623,53,2017,Kolkata,KKR,MI,1,KKR,0,KKR,field,normal,MI,9,0,1,0,0
624,54,2017,Pune,RPS,RPS,1,KXIP,0,RPS,field,normal,RPS,0,1,1,0,1
625,55,2017,Delhi,DD,RCB,1,DD,0,RCB,bat,normal,RCB,10,1,1,1,0
626,56,2017,Mumbai,MI,RPS,1,MI,0,MI,field,normal,RPS,20,0,1,0,0
627,57,2017,Bangalore,RCB,KKR,1,SRH,0,KKR,field,normal,KKR,0,1,1,0,2
628,58,2017,Bangalore,RCB,MI,1,KKR,0,MI,field,normal,MI,0,1,1,0,2
629,59,2017,Hyderabad,SRH,MI,1,RPS,0,MI,bat,normal,MI,1,1,1,1,2
630,7894,2018,Mumbai,MI,MI,1,CSK,0,CSK,field,normal,CSK,0,0,0,0,1
631,7895,2018,Mohali,KXIP,DD,1,KXIP,0,KXIP,field,normal,KXIP,0,0,0,0,0
632,7896,2018,Kolkata,KKR,RCB,1,KKR,0,KKR,field,normal,KKR,0,0,0,0,0
633,7897,2018,Hyderabad,SRH,RR,1,SRH,0,SRH,field,normal,SRH,0,0,0,0,0
634,7898,2018,Chennai,CSK,KKR,1,CSK,0,CSK,field,normal,CSK,0,0,0,0,0
635,7899,2018,Jaipur,RR,RR,1,DD,0,DD,field,normal,RR,10,0,1,0,1
636,7900,2018,Hyderabad,SRH,MI,1,SRH,0,SRH,field,normal,SRH,0,0,0,0,0
637,7901,2018,Bengaluru,RCB,KXIP,1,RCB,0,RCB,field,normal,RCB,0,0,0,0,0
638,7902,2018,Mumbai,MI,MI,1,DD,0,DD,field,normal,DD,0,0,0,0,1
639,7903,2018,Kolkata,KKR,KKR,1,SRH,0,SRH,field,normal,SRH,0,0,0,0,1
640,7904,2018,Bengaluru,RCB,RR,1,RCB,0,RCB,field,normal,RR,19,0,1,0,0
641,7905,2018,Mohali,KXIP,KXIP,1,CSK,0,CSK,field,normal,KXIP,4,0,1,0,1
642,7906,2018,Kolkata,KKR,KKR,1,DD,0,DD,field,normal,KKR,71,0,1,0,1
643,7907,2018,Mumbai,MI,MI,1,RCB,0,RCB,field,normal,MI,46,0,1,0,1
644,7908,2018,Jaipur,RR,RR,1,KKR,0,KKR,field,normal,KKR,0,0,0,0,1
645,7909,2018,Mohali,KXIP,KXIP,1,SRH,0,KXIP,bat,normal,KXIP,15,1,1,1,1
646,7910,2018,Pune,RPS,CSK,1,RR,0,RR,field,normal,CSK,64,0,1,0,2
647,7911,2018,Kolkata,KKR,KKR,1,KXIP,0,KXIP,field,normal,KXIP,0,0,0,0,1
648,7912,2018,Bengaluru,RCB,DD,1,RCB,0,RCB,field,normal,RCB,0,0,0,0,0
649,7913,2018,Hyderabad,SRH,CSK,1,SRH,0,SRH,field,normal,CSK,4,0,1,0,0
650,7914,2018,Jaipur,RR,MI,1,RR,0,MI,bat,normal,RR,0,1,0,1,0
651,7915,2018,Delhi,DD,KXIP,1,DD,0,DD,field,normal,KXIP,4,0,1,0,0
652,7916,2018,Mumbai,MI,SRH,1,MI,0,MI,field,normal,SRH,31,0,1,0,0
653,7917,2018,Bengaluru,RCB,RCB,1,CSK,0,CSK,field,normal,CSK,0,0,0,0,1
654,7918,2018,Hyderabad,SRH,SRH,1,KXIP,0,KXIP,field,normal,SRH,13,0,1,0,1
655,7919,2018,Delhi,DD,DD,1,KKR,0,KKR,field,normal,DD,55,0,1,0,1
656,7920,2018,Pune,RPS,CSK,1,MI,0,MI,field,normal,MI,0,0,0,0,2
657,7921,2018,Jaipur,RR,SRH,1,RR,0,SRH,bat,normal,SRH,11,1,1,1,0
658,7922,2018,Bengaluru,RCB,RCB,1,KKR,0,KKR,field,normal,KKR,0,0,0,0,1
659,7923,2018,Pune,RPS,CSK,1,DD,0,DD,field,normal,CSK,13,0,1,0,2
660,7924,2018,Bengaluru,RCB,RCB,1,MI,0,MI,field,normal,RCB,14,0,1,0,1
661,7925,2018,Delhi,DD,DD,1,RR,0,RR,field,normal,DD,4,0,1,0,1
662,7926,2018,Kolkata,KKR,CSK,1,KKR,0,KKR,field,normal,KKR,0,0,0,0,0
663,7927,2018,Indore,Indore,KXIP,1,MI,0,MI,field,normal,MI,0,0,0,0,2
664,7928,2018,Pune,RPS,RCB,1,CSK,0,CSK,field,normal,CSK,0,0,0,0,2
665,7929,2018,Hyderabad,SRH,DD,1,SRH,0,DD,bat,normal,SRH,0,1,0,1,0
666,7930,2018,Mumbai,MI,MI,1,KKR,0,KKR,field,normal,MI,13,0,1,0,1
667,7931,2018,Indore,Indore,RR,1,KXIP,0,KXIP,field,normal,KXIP,0,0,0,0,2
668,7932,2018,Hyderabad,SRH,SRH,1,RCB,0,RCB,field,normal,SRH,5,0,1,0,1
669,7933,2018,Jaipur,RR,RR,1,KXIP,0,RR,bat,normal,RR,15,1,1,1,1
670,7934,2018,Kolkata,KKR,MI,1,KKR,0,KKR,field,normal,MI,102,0,1,0,0
671,7935,2018,Delhi,DD,DD,1,SRH,0,DD,bat,normal,SRH,0,1,0,1,1
672,7936,2018,Jaipur,RR,CSK,1,RR,0,CSK,bat,normal,RR,0,1,0,1,0
673,7937,2018,Indore,Indore,KKR,1,KXIP,0,KXIP,field,normal,KKR,31,0,1,0,2
674,7938,2018,Delhi,DD,DD,1,RCB,0,RCB,field,normal,RCB,0,0,0,0,1
675,7939,2018,Pune,RPS,SRH,1,CSK,0,CSK,field,normal,CSK,0,0,0,0,2
676,7940,2018,Mumbai,MI,MI,1,RR,0,RR,field,normal,RR,0,0,0,0,1
677,7941,2018,Indore,Indore,KXIP,1,RCB,0,RCB,field,normal,RCB,0,0,0,0,2
678,7942,2018,Kolkata,KKR,RR,1,KKR,0,KKR,field,normal,KKR,0,0,0,0,0
679,7943,2018,Mumbai,MI,MI,1,KXIP,0,KXIP,field,normal,MI,3,0,1,0,1
680,7944,2018,Bengaluru,RCB,RCB,1,SRH,0,SRH,field,normal,RCB,14,0,1,0,1
681,7945,2018,Delhi,DD,DD,1,CSK,0,CSK,field,normal,DD,34,0,1,0,1
682,7946,2018,Jaipur,RR,RR,1,RCB,0,RR,bat,normal,RR,30,1,1,1,1
683,7947,2018,Hyderabad,SRH,SRH,1,KKR,0,SRH,bat,normal,KKR,0,1,0,1,1
684,7948,2018,Delhi,DD,DD,1,MI,0,DD,bat,normal,DD,11,1,1,1,1
685,7949,2018,Pune,RPS,KXIP,1,CSK,0,CSK,field,normal,CSK,0,0,0,0,2
686,7950,2018,Mumbai,MI,SRH,1,CSK,0,CSK,field,normal,CSK,0,0,0,0,2
687,7951,2018,Kolkata,KKR,KKR,1,RR,0,RR,field,normal,KKR,25,0,1,0,1
688,7952,2018,Kolkata,KKR,SRH,1,KKR,0,KKR,field,normal,SRH,14,0,1,0,0
689,7953,2018,Mumbai,MI,SRH,1,CSK,0,CSK,field,normal,CSK,0,0,0,0,2
690,11137,2019,Chennai,CSK,RCB,1,CSK,0,CSK,field,normal,CSK,0,0,0,0,0
691,11138,2019,Kolkata,KKR,SRH,1,KKR,0,KKR,field,normal,KKR,0,0,0,0,0
692,11139,2019,Mumbai,MI,DD,1,MI,0,MI,field,normal,DD,37,0,1,0,0
693,11140,2019,Jaipur,RR,KXIP,1,RR,0,RR,field,normal,KXIP,14,0,1,0,0
694,11141,2019,Delhi,DD,DD,1,CSK,0,DD,bat,normal,CSK,0,1,0,1,1
695,11142,2019,Kolkata,KKR,KKR,1,KXIP,0,KXIP,field,normal,KKR,28,0,1,0,1
696,11143,2019,Bengaluru,RCB,MI,1,RCB,0,RCB,field,normal,MI,6,0,1,0,0
697,11144,2019,Hyderabad,SRH,RR,1,SRH,0,RR,bat,normal,SRH,0,1,0,1,0
698,11145,2019,Mohali,KXIP,MI,1,KXIP,0,KXIP,field,normal,KXIP,0,0,0,0,0
699,11146,2019,Delhi,DD,KKR,1,DD,0,DD,field,tie,DD,0,0,0,0,0
700,11147,2019,Hyderabad,SRH,SRH,1,RCB,0,RCB,field,normal,SRH,118,0,1,0,1
701,11148,2019,Chennai,CSK,CSK,1,RR,0,RR,field,normal,CSK,8,0,1,0,1
702,11149,2019,Mohali,KXIP,KXIP,1,DD,0,DD,field,normal,KXIP,14,0,1,0,1
703,11150,2019,Jaipur,RR,RCB,1,RR,0,RR,field,normal,RR,0,0,0,0,0
704,11151,2019,Mumbai,MI,MI,1,CSK,0,CSK,field,normal,MI,37,0,1,0,1
705,11152,2019,Delhi,DD,DD,1,SRH,0,SRH,field,normal,SRH,0,0,0,0,1
706,11153,2019,Bengaluru,RCB,RCB,1,KKR,0,KKR,field,normal,KKR,0,0,0,0,1
707,11309,2019,Chennai,CSK,CSK,1,KXIP,0,CSK,bat,normal,CSK,22,1,1,1,1
708,11310,2019,Hyderabad,SRH,MI,1,SRH,0,SRH,field,normal,MI,40,0,1,0,0
709,11311,2019,Bengaluru,RCB,RCB,1,DD,0,DD,field,normal,DD,0,0,0,0,1
710,11312,2019,Jaipur,RR,RR,1,KKR,0,KKR,field,normal,KKR,0,0,0,0,1
711,11313,2019,Mohali,KXIP,SRH,1,KXIP,0,KXIP,field,normal,KXIP,0,0,0,0,0
712,11314,2019,Chennai,CSK,KKR,1,CSK,0,CSK,field,normal,CSK,0,0,0,0,0
713,11315,2019,Mumbai,MI,KXIP,1,MI,0,MI,field,normal,MI,0,0,0,0,0
714,11316,2019,Jaipur,RR,RR,1,CSK,0,CSK,field,normal,CSK,0,0,0,0,1
715,11317,2019,Kolkata,KKR,KKR,1,DD,0,DD,field,normal,DD,0,0,0,0,1
716,11318,2019,Mumbai,MI,MI,1,RR,0,RR,field,normal,RR,0,0,0,0,1
717,11319,2019,Mohali,KXIP,KXIP,1,RCB,0,RCB,field,normal,RCB,0,0,0,0,1
718,11320,2019,Kolkata,KKR,KKR,1,CSK,0,CSK,field,normal,CSK,0,0,0,0,1
719,11321,2019,Hyderabad,SRH,DD,1,SRH,0,SRH,field,normal,DD,39,0,1,0,0
720,11322,2019,Mumbai,MI,RCB,1,MI,0,MI,field,normal,MI,0,0,0,0,0
721,11323,2019,Mohali,KXIP,KXIP,1,RR,0,RR,field,normal,KXIP,12,0,1,0,1
722,11324,2019,Hyderabad,SRH,CSK,1,SRH,0,CSK,bat,normal,SRH,0,1,0,1,0
723,11325,2019,Delhi,DD,MI,1,DD,0,MI,bat,normal,MI,40,1,1,1,0
724,11326,2019,Kolkata,KKR,RCB,1,KKR,0,KKR,field,normal,RCB,10,0,1,0,0
725,11327,2019,Jaipur,RR,MI,1,RR,0,RR,field,normal,RR,0,0,0,0,0
726,11328,2019,Delhi,DD,KXIP,1,DD,0,DD,field,normal,DD,0,0,0,0,0
727,11329,2019,Hyderabad,SRH,KKR,1,SRH,0,SRH,field,normal,SRH,0,0,0,0,0
728,11330,2019,Bengaluru,RCB,RCB,1,CSK,0,CSK,field,normal,RCB,1,0,1,0,1
729,11331,2019,Jaipur,RR,RR,1,DD,0,DD,field,normal,DD,0,0,0,0,1
730,11332,2019,Chennai,CSK,SRH,1,CSK,0,CSK,field,normal,CSK,0,0,0,0,0
731,11333,2019,Bengaluru,RCB,RCB,1,KXIP,0,KXIP,field,normal,RCB,17,0,1,0,1
732,11334,2019,Kolkata,KKR,KKR,1,RR,0,RR,field,normal,RR,0,0,0,0,1
733,11335,2019,Chennai,CSK,MI,1,CSK,0,CSK,field,normal,MI,46,0,1,0,0
734,11336,2019,Jaipur,RR,SRH,1,RR,0,RR,field,normal,RR,0,0,0,0,0
735,11337,2019,Delhi,DD,DD,1,RCB,0,DD,bat,normal,DD,16,1,1,1,1
736,11338,2019,Kolkata,KKR,KKR,1,MI,0,MI,field,normal,KKR,34,0,1,0,1
737,11339,2019,Hyderabad,SRH,SRH,1,KXIP,0,KXIP,field,normal,SRH,45,0,1,0,1
738,11341,2019,Chennai,CSK,CSK,1,DD,0,DD,field,normal,CSK,80,0,1,0,1
739,11342,2019,Mumbai,MI,MI,1,SRH,0,MI,bat,tie,MI,0,1,1,1,1
740,11343,2019,Mohali,KXIP,KXIP,1,KKR,0,KKR,field,normal,KKR,0,0,0,0,1
741,11345,2019,Bengaluru,RCB,SRH,1,RCB,0,RCB,field,normal,RCB,0,0,0,0,0
742,11346,2019,Mohali,KXIP,CSK,1,KXIP,0,KXIP,field,normal,KXIP,0,0,0,0,0
743,11347,2019,Mumbai,MI,KKR,1,MI,0,MI,field,normal,MI,0,0,0,0,0
744,11412,2019,Chennai,CSK,CSK,1,MI,0,CSK,bat,normal,MI,0,1,0,1,1
745,11413,2019,Visakhapatnam,Visakhapatnam,SRH,1,DD,0,DD,field,normal,DD,0,0,0,0,2
746,11414,2019,Visakhapatnam,Visakhapatnam,DD,1,CSK,0,CSK,field,normal,CSK,0,0,0,0,2
