Year,Team,,Player,Strength,Team
2008,CSK,3,M Muralitharan,299.0,CSK
2008,CSK,8,L Balaji,291.0,CSK
2008,CSK,1,M Ntini,108.0,CSK
2008,CSK,5,MS Gony,101.6,CSK
2008,CSK,12,Joginder Sharma,78.33333333333333,CSK
2008,CSK,0,MEK Hussey,78.0,CSK
2008,CSK,7,JA Morkel,75.2,CSK
2008,CSK,2,ML Hayden,60.25,CSK
2008,CSK,6,SK Raina,44.07142857142857,CSK
2008,CSK,4,MS Dhoni,39.0,CSK
2008,CSK,10,JDP Oram,37.333333333333336,CSK
2008,DC,182,A Symonds,72.0,DC
2008,DC,188,PP Ojha,68.25,DC
2008,DC,190,DP Vijaykumar,50.5,DC
2008,DC,195,RP Singh,50.44444444444444,DC
2008,DC,183,RG Sharma,49.916666666666664,DC
2008,DC,187,AC Gilchrist,44.642857142857146,DC
2008,DC,200,D Kalyankrishna,43.0,DC
2008,DC,186,Shahid Afridi,39.44444444444444,DC
2008,DC,185,Y Venugopal Rao,39.2,DC
2008,DC,193,WPUJC Vaas,36.0,DC
2008,DC,189,VVS Laxman,32.166666666666664,DC
2008,DD,288,GD McGrath,114.33333333333333,DD
2008,DD,292,A Mishra,110.33333333333333,DD
2008,DD,299,Mohammad Asif,90.5,DD
2008,DD,297,VY Mahesh,88.6,DD
2008,DD,294,MF Maharoof,68.25,DD
2008,DD,295,R Bhatia,66.0,DD
2008,DD,298,PJ Sangwan,60.5,DD
2008,DD,285,G Gambhir,48.142857142857146,DD
2008,DD,289,V Sehwag,40.785714285714285,DD
2008,DD,287,S Dhawan,34.642857142857146,DD
2008,DD,293,KD Karthik,30.75,DD
2008,KKR,583,Shoaib Akhtar,129.0,KKR
2008,KKR,586,Umar Gul,91.5,KKR
2008,KKR,577,AB Dinda,72.33333333333333,KKR
2008,KKR,573,BB McCullum,63.75,KKR
2008,KKR,576,SC Ganguly,48.15384615384615,KKR
2008,KKR,588,M Kartik,46.666666666666664,KKR
2008,KKR,587,AB Agarkar,45.166666666666664,KKR
2008,KKR,580,Salman Butt,35.857142857142854,KKR
2008,KKR,585,I Sharma,35.166666666666664,KKR
2008,KKR,578,DJ Hussey,34.92307692307692,KKR
2008,KKR,575,WP Saha,28.1,KKR
2008,KXIP,836,S Sreesanth,157.0,KXIP
2008,KXIP,838,VRV Singh,143.0,KXIP
2008,KXIP,832,RR Powar,125.0,KXIP
2008,KXIP,834,PP Chawla,82.14285714285714,KXIP
2008,KXIP,831,SE Marsh,73.36363636363636,KXIP
2008,KXIP,829,SM Katich,59.5,KXIP
2008,KXIP,828,IK Pathan,57.5,KXIP
2008,KXIP,833,KC Sangakkara,49.0,KXIP
2008,KXIP,830,B Lee,47.666666666666664,KXIP
2008,KXIP,840,JR Hopes,41.36363636363637,KXIP
2008,KXIP,827,LA Pomersbach,39.8,KXIP
2008,MI,1081,DS Kulkarni,287.0,MI
2008,MI,1082,CRD Fernando,276.0,MI
2008,MI,1079,A Nehra,83.25,MI
2008,MI,1078,DJ Bravo,75.71428571428571,MI
2008,MI,1076,DR Smith,64.33333333333333,MI
2008,MI,1074,SM Pollock,58.75,MI
2008,MI,1083,Harbhajan Singh,58.666666666666664,MI
2008,MI,1071,ST Jayasuriya,56.357142857142854,MI
2008,MI,1084,RR Raje,47.333333333333336,MI
2008,MI,1075,YV Takawale,43.25,MI
2008,MI,1077,SR Tendulkar,38.857142857142854,MI
2008,RCB,1386,DW Steyn,136.0,RCB
2008,RCB,1385,LRPL Taylor,47.5,RCB
2008,RCB,1391,SP Goswami,47.0,RCB
2008,RCB,1398,Z Khan,46.125,RCB
2008,RCB,1392,A Kumble,44.2,RCB
2008,RCB,1390,R Vinay Kumar,42.0,RCB
2008,RCB,1396,P Kumar,36.416666666666664,RCB
2008,RCB,1389,R Dravid,32.57142857142857,RCB
2008,RCB,1401,AA Noffke,31.0,RCB
2008,RCB,1395,JH Kallis,30.727272727272727,RCB
2008,RCB,1387,MV Boucher,30.5,RCB
2008,RR,1690,MM Patel,181.0,RR
2008,RR,1685,Sohail Tanvir,129.4,RR
2008,RR,1695,SK Trivedi,112.0,RR
2008,RR,1692,SK Warne,87.14285714285714,RR
2008,RR,1687,SR Watson,68.53333333333333,RR
2008,RR,1688,AD Mascarenhas,61.0,RR
2008,RR,1691,YK Pathan,52.266666666666666,RR
2008,RR,1686,GC Smith,50.09090909090909,RR
2008,RR,1689,SA Asnodkar,46.888888888888886,RR
2008,RR,1693,Kamran Akmal,42.166666666666664,RR
2008,RR,1684,NK Patel,35.5,RR
2009,CSK,27,SB Jakati,194.0,CSK
2009,CSK,22,M Muralitharan,106.25,CSK
2009,CSK,32,L Balaji,83.25,CSK
2009,CSK,20,R Ashwin,77.0,CSK
2009,CSK,19,ML Hayden,63.0,CSK
2009,CSK,25,S Tyagi,59.5,CSK
2009,CSK,23,SK Raina,55.714285714285715,CSK
2009,CSK,24,A Flintoff,49.0,CSK
2009,CSK,26,JA Morkel,45.4,CSK
2009,CSK,36,MS Gony,43.333333333333336,CSK
2009,CSK,29,T Thushara,36.5,CSK
2009,DC,214,SB Styris,141.0,DC
2009,DC,203,PP Ojha,109.75,DC
2009,DC,208,RP Singh,102.5,DC
2009,DC,205,FH Edwards,68.5,DC
2009,DC,207,WPUJC Vaas,66.5,DC
2009,DC,202,A Symonds,59.625,DC
2009,DC,206,AC Gilchrist,50.1875,DC
2009,DC,209,RG Sharma,46.9375,DC
2009,DC,212,RJ Harris,45.4,DC
2009,DC,218,Shoaib Ahmed,45.333333333333336,DC
2009,DC,210,DR Smith,41.25,DC
2009,DD,309,A Nehra,254.0,DD
2009,DD,311,A Mishra,80.4,DD
2009,DD,316,PJ Sangwan,78.2,DD
2009,DD,315,Y Nagar,75.0,DD
2009,DD,318,DL Vettori,61.0,DD
2009,DD,305,MF Maharoof,60.5,DD
2009,DD,307,R Bhatia,53.0,DD
2009,DD,303,AB de Villiers,51.53846153846154,DD
2009,DD,304,TM Dilshan,42.30769230769231,DD
2009,DD,306,KD Karthik,37.69230769230769,DD
2009,DD,310,DA Warner,31.285714285714285,DD
2009,KKR,598,I Sharma,100.66666666666667,KKR
2009,KKR,602,BAW Mendis,83.0,KKR
2009,KKR,596,M Kartik,74.5,KKR
2009,KKR,595,BJ Hodge,52.5,KKR
2009,KKR,605,AB Dinda,52.0,KKR
2009,KKR,593,MN van Wyk,50.0,KKR
2009,KKR,599,CH Gayle,38.714285714285715,KKR
2009,KKR,606,MC Henriques,38.666666666666664,KKR
2009,KKR,601,DJ Hussey,31.25,KKR
2009,KKR,604,BB McCullum,30.615384615384617,KKR
2009,KKR,600,LR Shukla,29.5,KKR
2009,KXIP,861,S Sreesanth,72.0,KXIP
2009,KXIP,856,IK Pathan,57.333333333333336,KXIP
2009,KXIP,851,B Lee,45.75,KXIP
2009,KXIP,853,RR Powar,43.5,KXIP
2009,KXIP,852,Yuvraj Singh,43.07142857142857,KXIP
2009,KXIP,855,PP Chawla,38.4,KXIP
2009,KXIP,849,RS Bopara,37.6,KXIP
2009,KXIP,850,KC Sangakkara,35.15384615384615,KXIP
2009,KXIP,848,DPMD Jayawardene,32.2,KXIP
2009,KXIP,857,SM Katich,21.444444444444443,KXIP
2009,KXIP,858,K Goel,19.666666666666668,KXIP
2009,MI,1100,SL Malinga,153.33333333333334,MI
2009,MI,1098,DJ Bravo,59.6,MI
2009,MI,1105,YV Takawale,52.0,MI
2009,MI,1095,JP Duminy,50.166666666666664,MI
2009,MI,1099,Harbhajan Singh,45.6,MI
2009,MI,1104,Z Khan,43.5,MI
2009,MI,1107,C Nanda,42.0,MI
2009,MI,1102,GR Napier,41.0,MI
2009,MI,1103,ST Jayasuriya,38.416666666666664,MI
2009,MI,1097,SR Tendulkar,36.69230769230769,MI
2009,MI,1101,AM Nayar,32.09090909090909,MI
2009,RCB,1423,D du Preez,118.0,RCB
2009,RCB,1408,A Kumble,90.14285714285714,RCB
2009,RCB,1407,MK Pandey,60.25,RCB
2009,RCB,1422,P Kumar,52.125,RCB
2009,RCB,1420,RE van der Merwe,50.375,RCB
2009,RCB,1416,KP Appanna,44.0,RCB
2009,RCB,1413,JH Kallis,42.13333333333333,RCB
2009,RCB,1418,B Akhil,39.333333333333336,RCB
2009,RCB,1410,KP Pietersen,37.5,RCB
2009,RCB,1424,R Vinay Kumar,37.5,RCB
2009,RCB,1415,SP Goswami,33.5,RCB
2009,RR,1718,Kamran Khan,181.0,RR
2009,RR,1704,A Singh,115.0,RR
2009,RR,1715,MM Patel,94.8,RR
2009,RR,1721,SK Trivedi,52.333333333333336,RR
2009,RR,1713,AD Mascarenhas,51.75,RR
2009,RR,1719,SM Harwood,48.0,RR
2009,RR,1716,SK Warne,46.72727272727273,RR
2009,RR,1707,J Botha,42.333333333333336,RR
2009,RR,1703,RA Jadeja,39.23076923076923,RR
2009,RR,1709,YK Pathan,37.69230769230769,RR
2009,RR,1705,NV Ojha,34.625,RR
2010,CSK,42,M Muralitharan,394.0,CSK
2010,CSK,40,DE Bollinger,180.5,CSK
2010,CSK,49,SB Jakati,164.5,CSK
2010,CSK,44,T Thushara,75.5,CSK
2010,CSK,52,L Balaji,68.0,CSK
2010,CSK,38,R Ashwin,61.833333333333336,CSK
2010,CSK,46,JM Kemp,56.0,CSK
2010,CSK,37,SK Raina,54.4375,CSK
2010,CSK,47,JA Morkel,49.72727272727273,CSK
2010,CSK,39,M Vijay,44.266666666666666,CSK
2010,CSK,43,MS Dhoni,41.18181818181818,CSK
2010,DC,229,RJ Harris,88.2,DC
2010,DC,227,PP Ojha,87.0,DC
2010,DC,235,RP Singh,67.2,DC
2010,DC,225,Harmeet Singh,59.333333333333336,DC
2010,DC,224,A Symonds,58.0,DC
2010,DC,222,WPUJC Vaas,54.4,DC
2010,DC,232,R Sharma,41.25,DC
2010,DC,234,MR Marsh,40.5,DC
2010,DC,226,RG Sharma,38.25,DC
2010,DC,228,HH Gibbs,36.7,DC
2010,DC,238,Jaskaran Singh,36.5,DC
2010,DD,331,UT Yadav,161.0,DD
2010,DD,337,PJ Sangwan,121.5,DD
2010,DD,330,A Nehra,96.5,DD
2010,DD,325,DP Nannes,83.5,DD
2010,DD,328,A Mishra,70.71428571428571,DD
2010,DD,343,AB McDonald,63.0,DD
2010,DD,340,MF Maharoof,60.75,DD
2010,DD,322,PD Collingwood,59.857142857142854,DD
2010,DD,338,MC Henriques,46.0,DD
2010,DD,323,V Sehwag,39.714285714285715,DD
2010,DD,329,DA Warner,38.27272727272727,DD
2010,KKR,624,SE Bond,236.0,KKR
2010,KKR,620,AB Dinda,217.0,KKR
2010,KKR,618,M Kartik,144.5,KKR
2010,KKR,626,CK Langeveldt,117.0,KKR
2010,KKR,637,I Sharma,80.5,KKR
2010,KKR,636,LR Shukla,67.0,KKR
2010,KKR,625,CH Gayle,52.44444444444444,KKR
2010,KKR,634,BAW Mendis,51.0,KKR
2010,KKR,632,BJ Hodge,48.0,KKR
2010,KKR,621,SC Ganguly,46.785714285714285,KKR
2010,KKR,623,AD Mathews,45.90909090909091,KKR
2010,KXIP,877,J Theron,73.0,KXIP
2010,KXIP,875,PP Chawla,65.5,KXIP
2010,KXIP,883,SJ Srivastava,64.5,KXIP
2010,KXIP,872,IK Pathan,54.15384615384615,KXIP
2010,KXIP,874,RS Bopara,48.888888888888886,KXIP
2010,KXIP,868,SE Marsh,48.75,KXIP
2010,KXIP,882,Bipul Sharma,46.5,KXIP
2010,KXIP,876,KC Sangakkara,44.666666666666664,KXIP
2010,KXIP,870,DPMD Jayawardene,44.46153846153846,KXIP
2010,KXIP,871,RR Powar,38.0,KXIP
2010,KXIP,879,VS Malik,32.0,KXIP
2010,MI,1117,SL Malinga,200.0,MI
2010,MI,1121,CRD Fernando,185.0,MI
2010,MI,1125,Z Khan,111.0,MI
2010,MI,1119,Harbhajan Singh,86.85714285714286,MI
2010,MI,1123,KA Pollard,53.785714285714285,MI
2010,MI,1115,SR Tendulkar,51.6,MI
2010,MI,1118,SS Tiwary,35.333333333333336,MI
2010,MI,1122,AT Rayudu,35.0,MI
2010,MI,1116,JP Duminy,32.714285714285715,MI
2010,MI,1127,R McLaren,26.714285714285715,MI
2010,MI,1128,S Dhawan,26.6,MI
2010,RCB,1439,DW Steyn,100.5,RCB
2010,RCB,1447,R Vinay Kumar,92.0,RCB
2010,RCB,1435,A Kumble,88.6,RCB
2010,RCB,1432,JH Kallis,68.25,RCB
2010,RCB,1445,P Kumar,59.0,RCB
2010,RCB,1430,KP Pietersen,55.714285714285715,RCB
2010,RCB,1437,RE van der Merwe,53.0,RCB
2010,RCB,1450,Pankaj Singh,45.0,RCB
2010,RCB,1434,RV Uthappa,40.357142857142854,RCB
2010,RCB,1446,MV Boucher,31.5,RCB
2010,RCB,1436,R Dravid,30.545454545454547,RCB
2010,RR,1736,SW Tait,140.0,RR
2010,RR,1743,AP Dole,84.0,RR
2010,RR,1727,SR Watson,82.2,RR
2010,RR,1730,SK Trivedi,77.0,RR
2010,RR,1738,Kamran Khan,69.0,RR
2010,RR,1733,AD Mascarenhas,56.0,RR
2010,RR,1728,YK Pathan,44.42857142857143,RR
2010,RR,1732,SK Warne,39.57142857142857,RR
2010,RR,1746,S Narwal,39.0,RR
2010,RR,1740,MM Patel,38.5,RR
2010,RR,1729,NV Ojha,37.07142857142857,RR
2011,CSK,63,DE Bollinger,459.0,CSK
2011,CSK,67,SB Jakati,316.0,CSK
2011,CSK,61,R Ashwin,264.0,CSK
2011,CSK,68,S Randiv,162.0,CSK
2011,CSK,70,DJ Bravo,94.0,CSK
2011,CSK,66,MEK Hussey,45.357142857142854,CSK
2011,CSK,64,MS Dhoni,44.53846153846154,CSK
2011,CSK,71,JA Morkel,44.23076923076923,CSK
2011,CSK,65,SK Raina,41.875,CSK
2011,CSK,62,S Badrinath,38.30769230769231,CSK
2011,CSK,69,M Vijay,35.75,CSK
2011,DC,244,DW Steyn,81.0,DC
2011,DC,246,A Mishra,65.33333333333333,DC
2011,DC,248,I Sharma,63.8,DC
2011,DC,243,KC Sangakkara,44.30769230769231,DC
2011,DC,254,DT Christian,41.69230769230769,DC
2011,DC,256,MS Gony,40.0,DC
2011,DC,242,S Dhawan,39.57142857142857,DC
2011,DC,253,JP Duminy,35.4,DC
2011,DC,251,S Sohal,30.8,DC
2011,DC,245,DB Ravi Teja,28.22222222222222,DC
2011,DC,247,CL White,21.666666666666668,DC
2011,DD,360,AB Dinda,117.0,DD
2011,DD,358,AB Agarkar,103.0,DD
2011,DD,352,M Morkel,75.6,DD
2011,DD,346,V Sehwag,55.90909090909091,DD
2011,DD,344,JR Hopes,54.875,DD
2011,DD,349,VR Aaron,44.0,DD
2011,DD,351,S Nadeem,43.0,DD
2011,DD,353,IK Pathan,41.25,DD
2011,DD,345,RE van der Merwe,39.0,DD
2011,DD,350,DA Warner,33.53846153846154,DD
2011,DD,348,Y Venugopal Rao,30.0,DD
2011,KKR,642,Iqbal Abdulla,220.0,KKR
2011,KKR,654,L Balaji,131.0,KKR
2011,KKR,648,Shakib Al Hasan,102.66666666666667,KKR
2011,KKR,644,YK Pathan,64.18181818181819,KKR
2011,KKR,645,JH Kallis,54.214285714285715,KKR
2011,KKR,641,RN ten Doeschate,50.0,KKR
2011,KKR,646,R Bhatia,43.333333333333336,KKR
2011,KKR,651,B Lee,34.5,KKR
2011,KKR,643,MK Tiwary,32.642857142857146,KKR
2011,KKR,647,G Gambhir,30.0,KKR
2011,KKR,653,MS Bisla,22.4,KKR
2011,KTK,823,P Parameswaran,101.0,KTK
2011,KTK,810,RP Singh,69.8,KTK
2011,KTK,815,M Muralitharan,61.0,KTK
2011,KTK,808,S Sreesanth,60.0,KTK
2011,KTK,817,R Vinay Kumar,55.42857142857143,KTK
2011,KTK,809,RA Jadeja,44.916666666666664,KTK
2011,KTK,819,NLTC Perera,38.5,KTK
2011,KTK,813,Y Gnaneswara Rao,38.0,KTK
2011,KTK,807,BJ Hodge,37.57142857142857,KTK
2011,KTK,811,BB McCullum,34.15384615384615,KTK
2011,KTK,812,DPMD Jayawardene,32.0,KTK
2011,KXIP,903,BA Bhatt,233.0,KXIP
2011,KXIP,905,SJ Srivastava,104.0,KXIP
2011,KXIP,901,PP Chawla,81.0,KXIP
2011,KXIP,900,RJ Harris,72.0,KXIP
2011,KXIP,895,R McLaren,59.0,KXIP
2011,KXIP,893,PC Valthaty,56.357142857142854,KXIP
2011,KXIP,891,SE Marsh,52.0,KXIP
2011,KXIP,898,P Kumar,47.857142857142854,KXIP
2011,KXIP,894,Bipul Sharma,44.0,KXIP
2011,KXIP,897,AC Gilchrist,42.57142857142857,KXIP
2011,KXIP,899,KD Karthik,30.0,KXIP
2011,MI,1141,MM Patel,590.0,MI
2011,MI,1139,SL Malinga,201.0,MI
2011,MI,1150,AN Ahmed,162.0,MI
2011,MI,1137,AG Murtaza,89.0,MI
2011,MI,1140,Harbhajan Singh,64.25,MI
2011,MI,1144,DS Kulkarni,61.5,MI
2011,MI,1138,SR Tendulkar,43.375,MI
2011,MI,1136,JEC Franklin,40.0,MI
2011,MI,1151,KA Pollard,38.30769230769231,MI
2011,MI,1142,RG Sharma,35.0,MI
2011,MI,1145,AT Rayudu,34.6875,MI
2011,PWI,1330,AC Thomas,148.0,PWI
2011,PWI,1316,R Sharma,103.8,PWI
2011,PWI,1322,B Kumar,92.0,PWI
2011,PWI,1321,MR Marsh,80.33333333333333,PWI
2011,PWI,1332,JE Taylor,76.5,PWI
2011,PWI,1326,WD Parnell,54.8,PWI
2011,PWI,1311,Yuvraj Singh,53.07692307692308,PWI
2011,PWI,1328,SB Wagh,52.0,PWI
2011,PWI,1324,JD Ryder,38.84615384615385,PWI
2011,PWI,1313,MK Pandey,37.111111111111114,PWI
2011,PWI,1315,RV Uthappa,33.92307692307692,PWI
2011,RCB,1461,S Aravind,286.0,RCB
2011,RCB,1458,Z Khan,205.5,RCB
2011,RCB,1456,CK Langeveldt,135.0,RCB
2011,RCB,1453,DL Vettori,89.0,RCB
2011,RCB,1452,CH Gayle,85.0,RCB
2011,RCB,1464,J Syed Mohammad,75.0,RCB
2011,RCB,1471,R Ninan,72.0,RCB
2011,RCB,1454,V Kohli,48.875,RCB
2011,RCB,1455,AB de Villiers,34.84615384615385,RCB
2011,RCB,1468,A Mithun,31.166666666666668,RCB
2011,RCB,1457,TM Dilshan,29.8,RCB
2011,RR,1761,SK Trivedi,118.0,RR
2011,RR,1757,A Singh,110.0,RR
2011,RR,1763,SW Tait,95.5,RR
2011,RR,1753,SK Warne,81.5,RR
2011,RR,1750,J Botha,53.888888888888886,RR
2011,RR,1755,SR Watson,53.18181818181818,RR
2011,RR,1756,R Dravid,34.583333333333336,RR
2011,RR,1758,AL Menaria,28.4,RR
2011,RR,1759,AS Raut,24.75,RR
2011,RR,1762,DH Yagnik,22.25,RR
2011,RR,1760,AM Rahane,21.714285714285715,RR
2012,CSK,91,DE Bollinger,215.0,CSK
2012,CSK,80,KMDN Kulasekara,138.0,CSK
2012,CSK,89,SB Jakati,128.0,CSK
2012,CSK,78,R Ashwin,81.6,CSK
2012,CSK,77,DJ Bravo,54.875,CSK
2012,CSK,81,MEK Hussey,44.125,CSK
2012,CSK,79,F du Plessis,42.583333333333336,CSK
2012,CSK,87,RA Jadeja,39.57142857142857,CSK
2012,CSK,86,JA Morkel,38.583333333333336,CSK
2012,CSK,84,SK Raina,36.5,CSK
2012,CSK,88,M Vijay,32.5,CSK
2012,DC,276,V Pratap Singh,242.0,DC
2012,DC,262,DW Steyn,86.5,DC
2012,DC,272,MS Gony,81.0,DC
2012,DC,268,A Mishra,69.6,DC
2012,DC,277,A Ashish Reddy,63.0,DC
2012,DC,267,DT Christian,59.0,DC
2012,DC,270,J Theron,58.0,DC
2012,DC,265,S Dhawan,54.0,DC
2012,DC,263,CL White,47.53846153846154,DC
2012,DC,261,JP Duminy,40.888888888888886,DC
2012,DC,269,DJ Harris,37.0,DC
2012,DD,371,S Nadeem,218.0,DD
2012,DD,377,UT Yadav,163.0,DD
2012,DD,373,M Morkel,158.0,DD
2012,DD,382,VR Aaron,97.5,DD
2012,DD,380,DAJ Bracewell,96.0,DD
2012,DD,385,AB Agarkar,77.0,DD
2012,DD,369,P Negi,60.25,DD
2012,DD,366,KP Pietersen,51.875,DD
2012,DD,368,DA Warner,43.0,DD
2012,DD,370,V Sehwag,41.625,DD
2012,DD,378,IK Pathan,40.0,DD
2012,KKR,662,SP Narine,339.5,KKR
2012,KKR,671,B Lee,81.0,KKR
2012,KKR,668,Iqbal Abdulla,69.0,KKR
2012,KKR,670,R Bhatia,68.66666666666667,KKR
2012,KKR,666,Shakib Al Hasan,58.714285714285715,KKR
2012,KKR,667,JH Kallis,51.05882352941177,KKR
2012,KKR,663,MS Bisla,47.0,KKR
2012,KKR,661,G Gambhir,44.94117647058823,KKR
2012,KKR,669,BB McCullum,40.333333333333336,KKR
2012,KKR,665,MK Tiwary,24.866666666666667,KKR
2012,KKR,664,LR Shukla,20.5,KKR
2012,KXIP,922,P Awana,230.5,KXIP
2012,KXIP,916,RJ Harris,122.5,KXIP
2012,KXIP,925,Harmeet Singh,100.5,KXIP
2012,KXIP,911,AD Mascarenhas,73.33333333333333,KXIP
2012,KXIP,920,Azhar Mahmood,62.4,KXIP
2012,KXIP,923,BA Bhatt,58.0,KXIP
2012,KXIP,926,JP Faulkner,46.5,KXIP
2012,KXIP,918,PP Chawla,46.083333333333336,KXIP
2012,KXIP,913,P Kumar,40.857142857142854,KXIP
2012,KXIP,912,DJ Hussey,38.733333333333334,KXIP
2012,KXIP,915,SE Marsh,36.07692307692308,KXIP
2012,MI,1166,DS Kulkarni,186.0,MI
2012,MI,1163,MM Patel,143.66666666666666,MI
2012,MI,1154,SL Malinga,112.83333333333333,MI
2012,MI,1159,PP Ojha,73.0,MI
2012,MI,1164,KA Pollard,66.81818181818181,MI
2012,MI,1161,RP Singh,49.6,MI
2012,MI,1155,DR Smith,42.166666666666664,MI
2012,MI,1158,RG Sharma,40.125,MI
2012,MI,1162,JEC Franklin,39.72727272727273,MI
2012,MI,1153,HH Gibbs,33.666666666666664,MI
2012,MI,1156,Harbhajan Singh,29.818181818181817,MI
2012,PWI,1343,AB Dinda,245.0,PWI
2012,PWI,1355,A Nehra,147.5,PWI
2012,PWI,1351,AC Thomas,52.5,PWI
2012,PWI,1350,MN Samuels,42.625,PWI
2012,PWI,1347,AD Mathews,42.375,PWI
2012,PWI,1352,R Sharma,41.4,PWI
2012,PWI,1348,M Kartik,40.25,PWI
2012,PWI,1340,RV Uthappa,35.1875,PWI
2012,PWI,1336,SPD Smith,34.857142857142854,PWI
2012,PWI,1341,WD Parnell,32.4,PWI
2012,PWI,1342,JD Ryder,31.818181818181817,PWI
2012,RCB,1476,M Muralitharan,195.5,RCB
2012,RCB,1485,P Parameswaran,127.0,RCB
2012,RCB,1482,HV Patel,101.0,RCB
2012,RCB,1480,Z Khan,96.4,RCB
2012,RCB,1483,R Vinay Kumar,85.42857142857143,RCB
2012,RCB,1473,CH Gayle,69.07142857142857,RCB
2012,RCB,1474,AB McDonald,60.666666666666664,RCB
2012,RCB,1477,TM Dilshan,39.333333333333336,RCB
2012,RCB,1475,AB de Villiers,37.61538461538461,RCB
2012,RCB,1479,V Kohli,31.666666666666668,RCB
2012,RCB,1478,DL Vettori,30.833333333333332,RCB
2012,RR,1784,SK Trivedi,378.0,RR
2012,RR,1788,A Singh,232.0,RR
2012,RR,1772,A Chandila,151.0,RR
2012,RR,1787,AA Chavan,102.0,RR
2012,RR,1779,GB Hogg,91.33333333333333,RR
2012,RR,1783,KK Cooper,82.25,RR
2012,RR,1771,SR Watson,71.28571428571429,RR
2012,RR,1773,AM Rahane,48.5625,RR
2012,RR,1781,J Botha,44.714285714285715,RR
2012,RR,1778,R Dravid,36.8125,RR
2012,RR,1775,OA Shah,35.38461538461539,RR
2013,CSK,95,MM Sharma,251.0,CSK
2013,CSK,104,DP Nannes,118.0,CSK
2013,CSK,99,R Ashwin,90.8,CSK
2013,CSK,102,DJ Bravo,88.16666666666667,CSK
2013,CSK,97,JA Morkel,81.66666666666667,CSK
2013,CSK,106,CH Morris,71.16666666666667,CSK
2013,CSK,94,MEK Hussey,57.411764705882355,CSK
2013,CSK,96,SK Raina,45.23529411764706,CSK
2013,CSK,98,MS Dhoni,44.9375,CSK
2013,CSK,100,RA Jadeja,42.785714285714285,CSK
2013,CSK,103,M Vijay,29.0,CSK
2013,DD,401,S Kaul,65.5,DD
2013,DD,404,A Nehra,63.5,DD
2013,DD,388,UT Yadav,61.375,DD
2013,DD,391,RE van der Merwe,53.5,DD
2013,DD,389,S Nadeem,47.333333333333336,DD
2013,DD,403,M Morkel,39.666666666666664,DD
2013,DD,393,J Botha,35.833333333333336,DD
2013,DD,399,IK Pathan,35.61538461538461,DD
2013,DD,392,DA Warner,34.6875,DD
2013,DD,390,BJ Rohrer,31.25,DD
2013,DD,394,V Sehwag,30.153846153846153,DD
2013,KKR,690,L Balaji,116.0,KKR
2013,KKR,678,SP Narine,113.16666666666667,KKR
2013,KKR,687,Iqbal Abdulla,87.5,KKR
2013,KKR,682,B Lee,67.0,KKR
2013,KKR,680,SMSM Senanayake,60.75,KKR
2013,KKR,686,JH Kallis,48.75,KKR
2013,KKR,688,R Bhatia,38.8,KKR
2013,KKR,681,EJG Morgan,32.07692307692308,KKR
2013,KKR,683,G Gambhir,31.9375,KKR
2013,KKR,697,R McLaren,31.0,KKR
2013,KKR,689,MS Bisla,29.071428571428573,KKR
2013,KXIP,946,Sandeep Sharma,202.0,KXIP
2013,KXIP,951,Harmeet Singh,136.0,KXIP
2013,KXIP,949,P Awana,71.6,KXIP
2013,KXIP,947,Azhar Mahmood,62.3,KXIP
2013,KXIP,942,P Kumar,55.142857142857146,KXIP
2013,KXIP,932,DA Miller,49.833333333333336,KXIP
2013,KXIP,934,SE Marsh,49.375,KXIP
2013,KXIP,950,MS Gony,42.0,KXIP
2013,KXIP,933,AC Gilchrist,36.92307692307692,KXIP
2013,KXIP,944,PP Chawla,32.36363636363637,KXIP
2013,KXIP,939,DJ Hussey,27.181818181818183,KXIP
2013,MI,1194,PP Ojha,132.66666666666666,MI
2013,MI,1188,MG Johnson,116.83333333333333,MI
2013,MI,1187,SL Malinga,82.33333333333333,MI
2013,MI,1197,MM Patel,61.0,MI
2013,MI,1183,Harbhajan Singh,57.57142857142857,MI
2013,MI,1180,DR Smith,47.84615384615385,MI
2013,MI,1177,KA Pollard,47.05555555555556,MI
2013,MI,1190,NM Coulter-Nile,44.0,MI
2013,MI,1178,RG Sharma,38.1578947368421,MI
2013,MI,1182,KD Karthik,38.10526315789474,MI
2013,MI,1184,AP Tare,30.6,MI
2013,PWI,1377,WD Parnell,155.0,PWI
2013,PWI,1378,AG Murtaza,83.0,PWI
2013,PWI,1380,AB Dinda,80.8,PWI
2013,PWI,1371,MR Marsh,47.875,PWI
2013,PWI,1364,BAW Mendis,46.0,PWI
2013,PWI,1366,B Kumar,45.77777777777778,PWI
2013,PWI,1374,KW Richardson,44.0,PWI
2013,PWI,1361,AJ Finch,42.5,PWI
2013,PWI,1368,R Sharma,39.166666666666664,PWI
2013,PWI,1365,AD Mathews,36.0,PWI
2013,PWI,1363,RV Uthappa,35.625,PWI
2013,RCB,1500,JD Unadkat,175.5,RCB
2013,RCB,1495,R Vinay Kumar,144.2,RCB
2013,RCB,1498,M Kartik,126.5,RCB
2013,RCB,1496,R Rampaul,71.0,RCB
2013,RCB,1497,CH Gayle,62.375,RCB
2013,RCB,1499,V Kohli,52.875,RCB
2013,RCB,1501,MC Henriques,45.111111111111114,RCB
2013,RCB,1512,J Syed Mohammad,39.0,RCB
2013,RCB,1503,AB de Villiers,36.0,RCB
2013,RCB,1506,CA Pujara,30.5,RCB
2013,RCB,1511,KB Arun Karthik,28.0,RCB
2013,RR,1793,A Chandila,184.0,RR
2013,RR,1798,SK Trivedi,165.5,RR
2013,RR,1803,KK Cooper,116.8,RR
2013,RR,1796,JP Faulkner,93.11111111111111,RR
2013,RR,1812,R Shukla,80.0,RR
2013,RR,1790,SR Watson,65.6875,RR
2013,RR,1802,S Sreesanth,40.666666666666664,RR
2013,RR,1792,AM Rahane,36.888888888888886,RR
2013,RR,1795,R Dravid,35.35294117647059,RR
2013,RR,1797,SV Samson,34.3,RR
2013,RR,1794,STR Binny,32.125,RR
2013,SRH,1902,I Sharma,213.5,SRH
2013,SRH,1898,A Mishra,81.375,SRH
2013,SRH,1895,DW Steyn,77.125,SRH
2013,SRH,1900,KV Sharma,58.57142857142857,SRH
2013,SRH,1899,NLTC Perera,56.285714285714285,SRH
2013,SRH,1894,DJG Sammy,49.22222222222222,SRH
2013,SRH,1892,S Dhawan,40.4,SRH
2013,SRH,1901,PA Patel,32.53846153846154,SRH
2013,SRH,1904,CL White,26.923076923076923,SRH
2013,SRH,1903,A Ashish Reddy,25.3,SRH
2013,SRH,1897,BB Samantray,24.285714285714285,SRH
2014,CSK,120,MM Sharma,602.0,CSK
2014,CSK,122,BW Hilfenhaus,202.0,CSK
2014,CSK,114,R Ashwin,77.5,CSK
2014,CSK,119,RA Jadeja,68.8,CSK
2014,CSK,116,DR Smith,53.375,CSK
2014,CSK,113,DJ Hussey,49.0,CSK
2014,CSK,115,SK Raina,48.3125,CSK
2014,CSK,118,BB McCullum,39.07142857142857,CSK
2014,CSK,121,F du Plessis,38.25,CSK
2014,CSK,111,MS Dhoni,31.8,CSK
2014,CSK,123,M Manhas,12.8,CSK
2014,DD,419,Imran Tahir,117.5,DD
2014,DD,423,JD Unadkat,106.0,DD
2014,DD,415,WD Parnell,84.0,DD
2014,DD,417,S Nadeem,63.0,DD
2014,DD,412,NM Coulter0Nile,44.0,DD
2014,DD,427,S Kaul,42.0,DD
2014,DD,411,JP Duminy,41.357142857142854,DD
2014,DD,421,Mohammed Shami,38.0,DD
2014,DD,418,KD Karthik,34.07142857142857,DD
2014,DD,416,KP Pietersen,33.09090909090909,DD
2014,DD,420,Q de Kock,28.0,DD
2014,KKR,712,UT Yadav,287.0,KKR
2014,KKR,707,M Morkel,180.0,KKR
2014,KKR,700,SP Narine,113.0,KKR
2014,KKR,709,PP Chawla,81.4,KKR
2014,KKR,699,RV Uthappa,56.25,KKR
2014,KKR,702,Shakib Al Hasan,52.36363636363637,KKR
2014,KKR,713,R Vinay Kumar,44.25,KKR
2014,KKR,708,CA Lynn,42.5,KKR
2014,KKR,710,JH Kallis,42.0,KKR
2014,KKR,704,MK Pandey,30.875,KKR
2014,KKR,706,YK Pathan,30.25,KKR
2014,KXIP,966,Sandeep Sharma,470.0,KXIP
2014,KXIP,960,Karanveer Singh,292.0,KXIP
2014,KXIP,964,L Balaji,147.5,KXIP
2014,KXIP,970,BE Hendricks,88.0,KXIP
2014,KXIP,956,R Dhawan,73.5,KXIP
2014,KXIP,955,AR Patel,70.875,KXIP
2014,KXIP,962,MG Johnson,65.125,KXIP
2014,KXIP,959,SE Marsh,55.5,KXIP
2014,KXIP,958,M Vohra,51.875,KXIP
2014,KXIP,961,GJ Maxwell,47.1875,KXIP
2014,KXIP,957,Shivam Sharma,44.5,KXIP
2014,MI,1200,SL Malinga,404.0,MI
2014,MI,1212,S Gopal,170.0,MI
2014,MI,1204,P Kumar,70.0,MI
2014,MI,1199,LMP Simmons,67.5,MI
2014,MI,1208,JJ Bumrah,61.0,MI
2014,MI,1202,Harbhajan Singh,58.857142857142854,MI
2014,MI,1210,M de Lange,45.0,MI
2014,MI,1205,CJ Anderson,38.90909090909091,MI
2014,MI,1203,RG Sharma,36.13333333333333,MI
2014,MI,1207,AT Rayudu,33.714285714285715,MI
2014,MI,1206,Z Khan,33.25,MI
2014,RCB,1521,YS Chahal,166.5,RCB
2014,RCB,1530,VR Aaron,149.0,RCB
2014,RCB,1528,AN Ahmed,80.0,RCB
2014,RCB,1523,MA Starc,57.333333333333336,RCB
2014,RCB,1520,Yuvraj Singh,45.785714285714285,RCB
2014,RCB,1518,AB de Villiers,42.07692307692308,RCB
2014,RCB,1519,R Rampaul,40.0,RCB
2014,RCB,1532,AB Dinda,36.333333333333336,RCB
2014,RCB,1534,HV Patel,34.666666666666664,RCB
2014,RCB,1522,V Kohli,34.285714285714285,RCB
2014,RCB,1526,JA Morkel,33.6,RCB
2014,RR,1827,KW Richardson,244.0,RR
2014,RR,1820,PV Tambe,198.0,RR
2014,RR,1830,DS Kulkarni,107.0,RR
2014,RR,1814,Ankit Sharma,72.0,RR
2014,RR,1816,R Tewatia,68.0,RR
2014,RR,1824,R Bhatia,59.57142857142857,RR
2014,RR,1828,BCJ Cutting,43.0,RR
2014,RR,1813,JP Faulkner,40.5,RR
2014,RR,1819,KK Nair,40.18181818181818,RR
2014,RR,1825,SR Watson,39.07692307692308,RR
2014,RR,1821,AM Rahane,37.75,RR
2014,SRH,1912,B Kumar,256.5,SRH
2014,SRH,1916,DW Steyn,88.5,SRH
2014,SRH,1920,A Mishra,74.5,SRH
2014,SRH,1923,JO Holder,55.0,SRH
2014,SRH,1914,KV Sharma,53.75,SRH
2014,SRH,1926,MC Henriques,52.0,SRH
2014,SRH,1911,DA Warner,51.785714285714285,SRH
2014,SRH,1915,S Dhawan,35.42857142857143,SRH
2014,SRH,1913,NV Ojha,34.8,SRH
2014,SRH,1917,AJ Finch,32.46153846153846,SRH
2014,SRH,1919,IK Pathan,29.333333333333332,SRH
2015,CSK,134,A Nehra,139.25,CSK
2015,CSK,138,DJ Bravo,70.5,CSK
2015,CSK,141,MM Sharma,69.83333333333333,CSK
2015,CSK,130,R Ashwin,60.0,CSK
2015,CSK,136,RA Jadeja,44.166666666666664,CSK
2015,CSK,129,BB McCullum,41.5,CSK
2015,CSK,135,DR Smith,36.875,CSK
2015,CSK,140,P Negi,35.333333333333336,CSK
2015,CSK,137,SK Raina,34.64705882352941,CSK
2015,CSK,133,F du Plessis,33.266666666666666,CSK
2015,CSK,131,MS Dhoni,31.705882352941178,CSK
2015,DD,446,Imran Tahir,206.0,DD
2015,DD,441,NM Coulter-Nile,91.0,DD
2015,DD,431,JA Morkel,60.666666666666664,DD
2015,DD,433,JP Duminy,60.38461538461539,DD
2015,DD,443,A Mishra,60.25,DD
2015,DD,435,Q de Kock,54.666666666666664,DD
2015,DD,438,DJ Muthuswami,44.5,DD
2015,DD,437,SS Iyer,40.42857142857143,DD
2015,DD,444,AD Mathews,38.1,DD
2015,DD,440,MA Agarwal,28.8,DD
2015,DD,434,S Nadeem,28.0,DD
2015,KKR,723,M Morkel,270.0,KKR
2015,KKR,721,SP Narine,185.0,KKR
2015,KKR,719,GB Hogg,120.0,KKR
2015,KKR,722,UT Yadav,75.0,KKR
2015,KKR,718,AD Russell,74.63636363636364,KKR
2015,KKR,729,Shakib Al Hasan,46.333333333333336,KKR
2015,KKR,725,PP Chawla,44.75,KKR
2015,KKR,720,RV Uthappa,41.84615384615385,KKR
2015,KKR,716,YK Pathan,36.416666666666664,KKR
2015,KKR,724,G Gambhir,32.46153846153846,KKR
2015,KKR,727,J Botha,31.666666666666668,KKR
2015,KXIP,974,Sandeep Sharma,128.33333333333334,KXIP
2015,KXIP,979,BE Hendricks,65.0,KXIP
2015,KXIP,982,Anureet Singh,61.833333333333336,KXIP
2015,KXIP,977,AR Patel,51.166666666666664,KXIP
2015,KXIP,973,DA Miller,37.84615384615385,KXIP
2015,KXIP,981,WP Saha,31.46153846153846,KXIP
2015,KXIP,987,MG Johnson,30.875,KXIP
2015,KXIP,976,M Vijay,29.454545454545453,KXIP
2015,KXIP,990,SN Thakur,27.0,KXIP
2015,KXIP,980,SE Marsh,25.5,KXIP
2015,KXIP,978,Gurkeerat Singh,24.6,KXIP
2015,MI,1219,SL Malinga,651.0,MI
2015,MI,1225,MJ McClenaghan,155.0,MI
2015,MI,1228,R Vinay Kumar,67.66666666666667,MI
2015,MI,1223,Harbhajan Singh,63.0,MI
2015,MI,1218,J Suchith,61.666666666666664,MI
2015,MI,1220,LMP Simmons,56.30769230769231,MI
2015,MI,1224,CJ Anderson,46.5,MI
2015,MI,1222,KA Pollard,46.42857142857143,MI
2015,MI,1237,JJ Bumrah,45.0,MI
2015,MI,1226,RG Sharma,39.0625,MI
2015,MI,1229,PA Patel,35.714285714285715,MI
2015,RCB,1550,YS Chahal,304.0,RCB
2015,RCB,1541,S Aravind,210.0,RCB
2015,RCB,1539,MA Starc,194.66666666666666,RCB
2015,RCB,1542,D Wiese,84.28571428571429,RCB
2015,RCB,1551,VR Aaron,71.0,RCB
2015,RCB,1546,Iqbal Abdulla,69.0,RCB
2015,RCB,1543,HV Patel,64.57142857142857,RCB
2015,RCB,1537,AB de Villiers,50.785714285714285,RCB
2015,RCB,1540,CH Gayle,46.142857142857146,RCB
2015,RCB,1538,V Kohli,41.875,RCB
2015,RCB,1549,KD Karthik,29.454545454545453,RCB
2015,RR,1841,DS Kulkarni,182.5,RR
2015,RR,1839,PV Tambe,89.0,RR
2015,RR,1846,TG Southee,68.0,RR
2015,RR,1837,SR Watson,64.66666666666667,RR
2015,RR,1838,CH Morris,63.42857142857143,RR
2015,RR,1835,AM Rahane,51.76923076923077,RR
2015,RR,1843,Ankit Sharma,48.5,RR
2015,RR,1845,JP Faulkner,34.54545454545455,RR
2015,RR,1840,SPD Smith,33.5,RR
2015,RR,1842,SV Samson,28.727272727272727,RR
2015,RR,1836,STR Binny,27.625,RR
2015,SRH,1934,B Kumar,172.33333333333334,SRH
2015,SRH,1930,MC Henriques,70.11111111111111,SRH
2015,SRH,1932,Bipul Sharma,70.0,SRH
2015,SRH,1928,DA Warner,56.357142857142854,SRH
2015,SRH,1942,P Kumar,45.75,SRH
2015,SRH,1938,KV Sharma,44.55555555555556,SRH
2015,SRH,1933,RS Bopara,40.875,SRH
2015,SRH,1941,DW Steyn,37.333333333333336,SRH
2015,SRH,1936,S Dhawan,34.42857142857143,SRH
2015,SRH,1937,A Ashish Reddy,33.8,SRH
2015,SRH,1939,EJG Morgan,29.77777777777778,SRH
2016,DD,455,A Mishra,174.5,DD
2016,DD,465,Imran Tahir,131.0,DD
2016,DD,459,Z Khan,126.5,DD
2016,DD,451,CH Morris,89.85714285714286,DD
2016,DD,468,Mohammed Shami,53.5,DD
2016,DD,462,CR Brathwaite,50.666666666666664,DD
2016,DD,454,Q de Kock,46.38461538461539,DD
2016,DD,464,S Nadeem,45.0,DD
2016,DD,457,NM Coulter-Nile,40.5,DD
2016,DD,456,KK Nair,38.083333333333336,DD
2016,DD,452,JP Duminy,35.5,DD
2016,GL,544,PV Tambe,135.0,GL
2016,GL,531,DS Kulkarni,107.2,GL
2016,GL,542,SB Jakati,77.0,GL
2016,GL,538,S Kaushik,68.0,GL
2016,GL,532,DR Smith,56.416666666666664,GL
2016,GL,541,DJ Bravo,45.46153846153846,GL
2016,GL,530,AJ Finch,43.333333333333336,GL
2016,GL,535,P Kumar,40.285714285714285,GL
2016,GL,534,SK Raina,35.86666666666667,GL
2016,GL,536,KD Karthik,35.0,GL
2016,GL,533,RA Jadeja,29.533333333333335,GL
2016,KKR,749,GB Hogg,126.0,KKR
2016,KKR,747,M Morkel,125.5,KKR
2016,KKR,748,UT Yadav,125.5,KKR
2016,KKR,741,PP Chawla,110.0,KKR
2016,KKR,738,AD Russell,78.375,KKR
2016,KKR,737,SP Narine,70.5,KKR
2016,KKR,743,Shakib Al Hasan,42.285714285714285,KKR
2016,KKR,734,G Gambhir,40.86666666666667,KKR
2016,KKR,740,RV Uthappa,40.333333333333336,KKR
2016,KKR,733,YK Pathan,38.53846153846154,KKR
2016,KKR,736,MK Pandey,32.09090909090909,KKR
2016,KXIP,995,Sandeep Sharma,101.75,KXIP
2016,KXIP,992,MP Stoinis,76.2,KXIP
2016,KXIP,1005,MM Sharma,64.33333333333333,KXIP
2016,KXIP,1003,P Sahu,48.5,KXIP
2016,KXIP,1007,KC Cariappa,48.0,KXIP
2016,KXIP,1002,AR Patel,47.6,KXIP
2016,KXIP,994,M Vijay,41.357142857142854,KXIP
2016,KXIP,997,Gurkeerat Singh,37.666666666666664,KXIP
2016,KXIP,1000,WP Saha,34.083333333333336,KXIP
2016,KXIP,999,R Dhawan,33.0,KXIP
2016,KXIP,996,SE Marsh,32.666666666666664,KXIP
2016,MI,1247,JJ Bumrah,196.0,MI
2016,MI,1250,MJ McClenaghan,95.0,MI
2016,MI,1245,TG Southee,73.0,MI
2016,MI,1243,Harbhajan Singh,51.714285714285715,MI
2016,MI,1240,KH Pandya,51.0,MI
2016,MI,1242,R Vinay Kumar,49.0,MI
2016,MI,1239,N Rana,47.0,MI
2016,MI,1238,RG Sharma,44.57142857142857,MI
2016,MI,1244,AT Rayudu,36.0,MI
2016,MI,1251,PA Patel,29.8,MI
2016,MI,1248,JC Buttler,25.285714285714285,MI
2016,RCB,1570,CJ Jordan,300.0,RCB
2016,RCB,1574,KW Richardson,184.0,RCB
2016,RCB,1567,Iqbal Abdulla,112.5,RCB
2016,RCB,1557,V Kohli,80.75,RCB
2016,RCB,1559,AB de Villiers,64.5,RCB
2016,RCB,1568,SR Watson,51.4,RCB
2016,RCB,1561,KL Rahul,48.666666666666664,RCB
2016,RCB,1571,Parvez Rasool,44.0,RCB
2016,RCB,1560,CH Gayle,38.2,RCB
2016,RCB,1558,Sachin Baby,33.666666666666664,RCB
2016,RCB,1572,VR Aaron,28.0,RCB
2016,RPS,1644,A Zampa,308.0,RPS
2016,RPS,1659,M Ashwin,167.0,RPS
2016,RPS,1642,MR Marsh,117.0,RPS
2016,RPS,1662,I Sharma,77.0,RPS
2016,RPS,1661,JA Morkel,66.0,RPS
2016,RPS,1648,R Ashwin,54.333333333333336,RPS
2016,RPS,1641,SPD Smith,49.285714285714285,RPS
2016,RPS,1649,F du Plessis,48.166666666666664,RPS
2016,RPS,1643,AM Rahane,46.57142857142857,RPS
2016,RPS,1654,NLTC Perera,42.2,RPS
2016,RPS,1645,MS Dhoni,37.5,RPS
2016,SRH,1956,A Nehra,121.0,SRH
2016,SRH,1959,BB Sran,92.5,SRH
2016,SRH,1952,B Kumar,88.25,SRH
2016,SRH,1946,DA Warner,64.70588235294117,SRH
2016,SRH,1950,BCJ Cutting,53.0,SRH
2016,SRH,1958,MC Henriques,39.666666666666664,SRH
2016,SRH,1953,Bipul Sharma,38.25,SRH
2016,SRH,1948,S Dhawan,37.529411764705884,SRH
2016,SRH,1949,KS Williamson,31.0,SRH
2016,SRH,1951,Yuvraj Singh,29.2,SRH
2016,SRH,1955,EJG Morgan,28.166666666666668,SRH
2017,DD,475,Z Khan,89.33333333333333,DD
2017,DD,479,K Rabada,70.0,DD
2017,DD,473,CH Morris,59.666666666666664,DD
2017,DD,469,A Mishra,56.166666666666664,DD
2017,DD,477,PJ Cummins,52.55555555555556,DD
2017,DD,476,RR Pant,39.42857142857143,DD
2017,DD,474,SV Samson,36.857142857142854,DD
2017,DD,471,SS Iyer,36.166666666666664,DD
2017,DD,470,S Nadeem,35.0,DD
2017,DD,478,SW Billings,32.833333333333336,DD
2017,DD,480,KK Nair,27.23076923076923,DD
2017,GL,551,AJ Tye,126.33333333333333,GL
2017,GL,558,P Kumar,73.0,GL
2017,GL,560,DS Kulkarni,66.0,GL
2017,GL,564,Basil Thampi,59.6,GL
2017,GL,550,SK Raina,42.214285714285715,GL
2017,GL,557,BB McCullum,42.18181818181818,GL
2017,GL,554,KD Karthik,37.76923076923077,GL
2017,GL,559,Ishan Kishan,36.4,GL
2017,GL,565,JP Faulkner,36.0,GL
2017,GL,561,AJ Finch,32.0,GL
2017,GL,552,RA Jadeja,29.6,GL
2017,KKR,760,Kuldeep Yadav,165.0,KKR
2017,KKR,768,PP Chawla,154.0,KKR
2017,KKR,758,NM Coulter-Nile,136.33333333333334,KKR
2017,KKR,764,UT Yadav,118.75,KKR
2017,KKR,769,TA Boult,116.0,KKR
2017,KKR,756,AS Rajpoot,109.0,KKR
2017,KKR,766,CR Woakes,75.0,KKR
2017,KKR,755,CA Lynn,56.857142857142854,KKR
2017,KKR,761,RV Uthappa,49.84615384615385,KKR
2017,KKR,757,G Gambhir,40.875,KKR
2017,KKR,753,MK Pandey,40.61538461538461,KKR
2017,KXIP,1020,Sandeep Sharma,116.0,KXIP
2017,KXIP,1018,VR Aaron,83.5,KXIP
2017,KXIP,1026,MM Sharma,57.857142857142854,KXIP
2017,KXIP,1013,HM Amla,54.0,KXIP
2017,KXIP,1017,AR Patel,53.0,KXIP
2017,KXIP,1014,R Tewatia,52.0,KXIP
2017,KXIP,1022,KC Cariappa,49.0,KXIP
2017,KXIP,1016,GJ Maxwell,46.61538461538461,KXIP
2017,KXIP,1015,SE Marsh,42.75,KXIP
2017,KXIP,1023,WP Saha,34.54545454545455,KXIP
2017,KXIP,1021,M Vohra,32.666666666666664,KXIP
2017,MI,1264,JJ Bumrah,274.0,MI
2017,MI,1267,SL Malinga,146.0,MI
2017,MI,1271,TG Southee,94.0,MI
2017,MI,1262,MG Johnson,71.33333333333333,MI
2017,MI,1260,KV Sharma,69.16666666666667,MI
2017,MI,1256,SS Tiwary,69.0,MI
2017,MI,1269,MJ McClenaghan,67.0,MI
2017,MI,1259,KH Pandya,49.72727272727273,MI
2017,MI,1261,N Rana,37.25,MI
2017,MI,1263,KA Pollard,37.0625,MI
2017,MI,1265,JC Buttler,34.5,MI
2017,RCB,1582,P Negi,59.2,RCB
2017,RCB,1586,YS Chahal,58.166666666666664,RCB
2017,RCB,1585,A Choudhary,56.333333333333336,RCB
2017,RCB,1584,S Badree,49.2,RCB
2017,RCB,1591,TS Mills,47.0,RCB
2017,RCB,1599,Iqbal Abdulla,43.0,RCB
2017,RCB,1579,V Kohli,42.3,RCB
2017,RCB,1583,AB de Villiers,35.111111111111114,RCB
2017,RCB,1581,TM Head,33.142857142857146,RCB
2017,RCB,1587,KM Jadhav,31.692307692307693,RCB
2017,RCB,1595,AF Milne,31.333333333333332,RCB
2017,RPS,1674,Imran Tahir,460.0,RPS
2017,RPS,1667,JD Unadkat,351.0,RPS
2017,RPS,1677,A Zampa,181.0,RPS
2017,RPS,1678,SN Thakur,94.33333333333333,RPS
2017,RPS,1669,LH Ferguson,84.0,RPS
2017,RPS,1668,BA Stokes,67.27272727272727,RPS
2017,RPS,1680,RD Chahar,61.0,RPS
2017,RPS,1665,Washington Sundar,49.4,RPS
2017,RPS,1672,DT Christian,46.333333333333336,RPS
2017,RPS,1676,R Bhatia,42.0,RPS
2017,RPS,1664,SPD Smith,40.93333333333333,RPS
2017,SRH,1973,S Kaul,426.0,SRH
2017,SRH,1969,B Kumar,350.0,SRH
2017,SRH,1967,Rashid Khan,159.33333333333334,SRH
2017,SRH,1978,A Nehra,92.0,SRH
2017,SRH,1964,DA Warner,63.142857142857146,SRH
2017,SRH,1965,Mohammad Nabi,56.0,SRH
2017,SRH,1970,KS Williamson,45.714285714285715,SRH
2017,SRH,1972,S Dhawan,45.0,SRH
2017,SRH,1971,Bipul Sharma,39.333333333333336,SRH
2017,SRH,1966,V Shankar,32.75,SRH
2017,SRH,1968,MC Henriques,32.18181818181818,SRH
2018,CSK,154,SN Thakur,432.0,CSK
2018,CSK,153,Imran Tahir,156.0,CSK
2018,CSK,155,KV Sharma,108.0,CSK
2018,CSK,146,DL Chahar,80.75,CSK
2018,CSK,150,Harbhajan Singh,80.33333333333333,CSK
2018,CSK,147,SR Watson,59.266666666666666,CSK
2018,CSK,151,DJ Bravo,57.3,CSK
2018,CSK,145,AT Rayudu,48.5625,CSK
2018,CSK,148,RA Jadeja,46.3,CSK
2018,CSK,143,MS Dhoni,45.8,CSK
2018,CSK,149,SK Raina,41.266666666666666,CSK
2018,DD,499,TA Boult,522.0,DD
2018,DD,491,A Mishra,303.0,DD
2018,DD,490,HV Patel,119.0,DD
2018,DD,504,Mohammed Shami,83.0,DD
2018,DD,494,RR Pant,66.85714285714286,DD
2018,DD,505,S Nadeem,65.0,DD
2018,DD,493,R Tewatia,44.6,DD
2018,DD,501,LE Plunkett,44.5,DD
2018,DD,497,DT Christian,42.666666666666664,DD
2018,DD,498,SS Iyer,39.57142857142857,DD
2018,DD,502,PP Shaw,37.77777777777778,DD
2018,KKR,777,Kuldeep Yadav,158.66666666666666,KKR
2018,KKR,780,M Prasidh Krishna,120.5,KKR
2018,KKR,787,R Vinay Kumar,61.0,KKR
2018,KKR,779,PP Chawla,58.57142857142857,KKR
2018,KKR,775,SP Narine,55.75,KKR
2018,KKR,778,AD Russell,54.285714285714285,KKR
2018,KKR,772,KD Karthik,47.1875,KKR
2018,KKR,776,CA Lynn,39.3125,KKR
2018,KKR,785,TK Curran,38.5,KKR
2018,KKR,784,JPR Scantlebury-Searles,37.0,KKR
2018,KKR,782,Shivam Mavi,35.75,KKR
2018,KXIP,1035,Mujeeb Ur Rahman,184.0,KXIP
2018,KXIP,1043,AS Rajpoot,107.0,KXIP
2018,KXIP,1037,AJ Tye,87.0,KXIP
2018,KXIP,1034,KL Rahul,66.35714285714286,KXIP
2018,KXIP,1036,CH Gayle,46.0,KXIP
2018,KXIP,1039,R Ashwin,44.77777777777778,KXIP
2018,KXIP,1047,MM Sharma,41.5,KXIP
2018,KXIP,1040,KK Nair,36.5,KXIP
2018,KXIP,1038,DA Miller,27.0,KXIP
2018,KXIP,1042,MP Stoinis,25.714285714285715,KXIP
2018,KXIP,1041,AR Patel,22.75,KXIP
2018,MI,1275,JJ Bumrah,155.33333333333334,MI
2018,MI,1283,Mustafizur Rahman,90.0,MI
2018,MI,1279,MJ McClenaghan,72.0,MI
2018,MI,1281,M Markande,71.66666666666667,MI
2018,MI,1280,HH Pandya,63.38461538461539,MI
2018,MI,1274,SA Yadav,49.92857142857143,MI
2018,MI,1277,KH Pandya,49.38461538461539,MI
2018,MI,1278,E Lewis,38.30769230769231,MI
2018,MI,1285,Ishan Kishan,36.416666666666664,MI
2018,MI,1282,BCJ Cutting,34.833333333333336,MI
2018,MI,1284,RG Sharma,29.214285714285715,MI
2018,RCB,1601,YS Chahal,318.0,RCB
2018,RCB,1607,UT Yadav,98.6,RCB
2018,RCB,1610,Mohammed Siraj,86.0,RCB
2018,RCB,1605,M Ashwin,70.0,RCB
2018,RCB,1600,AB de Villiers,61.36363636363637,RCB
2018,RCB,1615,CR Woakes,52.0,RCB
2018,RCB,1602,V Kohli,51.0,RCB
2018,RCB,1603,MM Ali,48.0,RCB
2018,RCB,1608,TG Southee,48.0,RCB
2018,RCB,1611,Q de Kock,42.125,RCB
2018,RCB,1604,PA Patel,35.5,RCB
2018,RR,1853,IS Sodhi,132.0,RR
2018,RR,1866,B Laughlin,96.0,RR
2018,RR,1857,S Gopal,90.0,RR
2018,RR,1852,JC Buttler,58.92307692307692,RR
2018,RR,1865,JD Unadkat,49.714285714285715,RR
2018,RR,1863,JC Archer,49.25,RR
2018,RR,1864,DS Kulkarni,49.0,RR
2018,RR,1859,K Gowtham,38.92307692307692,RR
2018,RR,1854,SV Samson,38.06666666666667,RR
2018,RR,1861,BA Stokes,36.53846153846154,RR
2018,RR,1862,H Klaasen,33.5,RR
2018,SRH,1995,B Stanlake,131.0,SRH
2018,SRH,1997,S Kaul,129.5,SRH
2018,SRH,1987,Sandeep Sharma,98.0,SRH
2018,SRH,1984,Rashid Khan,94.14285714285714,SRH
2018,SRH,1989,B Kumar,65.25,SRH
2018,SRH,1983,KS Williamson,56.705882352941174,SRH
2018,SRH,1990,CR Brathwaite,56.25,SRH
2018,SRH,2000,Basil Thampi,54.0,SRH
2018,SRH,1993,Shakib Al Hasan,49.92307692307692,SRH
2018,SRH,1985,S Dhawan,44.375,SRH
2018,SRH,1996,SP Goswami,33.333333333333336,SRH
2019,CSK,167,Imran Tahir,716.0,CSK
2019,CSK,170,Harbhajan Singh,435.0,CSK
2019,CSK,171,DL Chahar,294.0,CSK
2019,CSK,178,SN Thakur,79.0,CSK
2019,CSK,169,MJ Santner,73.0,CSK
2019,CSK,166,RA Jadeja,64.0,CSK
2019,CSK,163,MS Dhoni,54.666666666666664,CSK
2019,CSK,165,F du Plessis,48.5,CSK
2019,CSK,173,DJ Bravo,45.22222222222222,CSK
2019,CSK,168,M Vijay,40.0,CSK
2019,CSK,174,SR Watson,32.11764705882353,CSK
2019,DD,526,S Lamichhane,196.0,DD
2019,DD,520,K Rabada,175.75,DD
2019,DD,518,I Sharma,118.0,DD
2019,DD,513,A Mishra,76.5,DD
2019,DD,527,CH Morris,61.666666666666664,DD
2019,DD,510,RR Pant,51.1875,DD
2019,DD,515,J Suchith,50.0,DD
2019,DD,522,TA Boult,50.0,DD
2019,DD,524,KMA Paul,47.0,DD
2019,DD,512,S Dhawan,42.8125,DD
2019,DD,514,SS Iyer,38.75,DD
2019,KKR,795,HF Gurney,170.0,KKR
2019,KKR,800,M Prasidh Krishna,86.0,KKR
2019,KKR,788,AD Russell,73.6923076923077,KKR
2019,KKR,797,PP Chawla,68.0,KKR
2019,KKR,791,SP Narine,48.44444444444444,KKR
2019,KKR,790,N Rana,47.45454545454545,KKR
2019,KKR,798,CA Lynn,40.46153846153846,KKR
2019,KKR,796,RV Uthappa,33.45454545454545,KKR
2019,KKR,793,Kuldeep Yadav,33.25,KKR
2019,KKR,792,Shubman Gill,32.07692307692308,KKR
2019,KKR,794,KD Karthik,28.846153846153847,KKR
2019,KXIP,1056,Mohammed Shami,251.0,KXIP
2019,KXIP,1052,R Ashwin,75.66666666666667,KXIP
2019,KXIP,1067,AJ Tye,61.0,KXIP
2019,KXIP,1051,KL Rahul,58.0,KXIP
2019,KXIP,1057,CH Gayle,48.84615384615385,KXIP
2019,KXIP,1062,GC Viljoen,48.666666666666664,KXIP
2019,KXIP,1064,SM Curran,47.0,KXIP
2019,KXIP,1054,M Ashwin,46.666666666666664,KXIP
2019,KXIP,1053,SN Khan,41.8,KXIP
2019,KXIP,1059,N Pooran,35.5,KXIP
2019,KXIP,1063,MA Agarwal,35.07692307692308,KXIP
2019,MI,1294,JJ Bumrah,243.5,MI
2019,MI,1308,AS Joseph,93.5,MI
2019,MI,1292,RD Chahar,90.25,MI
2019,MI,1289,HH Pandya,60.0,MI
2019,MI,1291,Q de Kock,50.875,MI
2019,MI,1295,SA Yadav,38.46666666666667,MI
2019,MI,1298,KH Pandya,36.6,MI
2019,MI,1297,RG Sharma,35.0,MI
2019,MI,1299,Yuvraj Singh,31.25,MI
2019,MI,1293,KA Pollard,29.214285714285715,MI
2019,MI,1303,E Lewis,26.666666666666668,MI
2019,RCB,1625,YS Chahal,159.33333333333334,RCB
2019,RCB,1628,NA Saini,144.5,RCB
2019,RCB,1630,DW Steyn,94.0,RCB
2019,RCB,1627,Washington Sundar,51.5,RCB
2019,RCB,1622,AB de Villiers,47.15384615384615,RCB
2019,RCB,1623,MM Ali,44.4,RCB
2019,RCB,1624,V Kohli,43.42857142857143,RCB
2019,RCB,1626,Gurkeerat Singh,43.0,RCB
2019,RCB,1636,Mohammed Siraj,40.25,RCB
2019,RCB,1640,TG Southee,40.0,RCB
2019,RCB,1629,PA Patel,37.642857142857146,RCB
2019,RR,1883,DS Kulkarni,184.0,RR
2019,RR,1882,IS Sodhi,106.0,RR
2019,RR,1885,VR Aaron,103.0,RR
2019,RR,1876,S Gopal,88.14285714285714,RR
2019,RR,1874,JC Archer,78.8,RR
2019,RR,1873,JC Buttler,58.125,RR
2019,RR,1880,R Parag,57.0,RR
2019,RR,1887,JD Unadkat,51.75,RR
2019,RR,1871,SPD Smith,40.5,RR
2019,RR,1878,AM Rahane,39.84615384615385,RR
2019,RR,1875,SV Samson,37.833333333333336,RR
2019,SRH,2012,KK Ahmed,467.0,SRH
2019,SRH,2014,Sandeep Sharma,157.5,SRH
2019,SRH,2003,DA Warner,73.91666666666667,SRH
2019,SRH,2008,B Kumar,73.6,SRH
2019,SRH,2017,S Kaul,72.0,SRH
2019,SRH,2005,JM Bairstow,65.5,SRH
2019,SRH,2004,Rashid Khan,62.375,SRH
2019,SRH,2016,Shakib Al Hasan,59.0,SRH
2019,SRH,2006,Mohammad Nabi,56.142857142857146,SRH
2019,SRH,2007,MK Pandey,42.72727272727273,SRH
2019,SRH,2009,MJ Guptill,35.666666666666664,SRH
