ID,SEASON,CITY,CITY_Corrrected,TEAM1,TEAM1_MODEL,TEAM2,TEAM2_MODEL,TOSS_WINNER,TOSS_DECISION,RESULT,WINNER,WIN_BY_RUNS,TOSS_WINNER_MODEL,WINNER_MODEL,TOSS_DECISION_MODEL,CITY_MODEL
1,2017,Hyderabad,SRH,SRH,1,RCB,0,RCB,field,normal,SRH,35,0,1,0,1
2,2017,Pune,RPS,RPS,1,MI,0,RPS,field,normal,RPS,0,1,1,0,1
3,2017,Rajkot,GL,KKR,1,GL,0,KKR,field,normal,KKR,0,1,1,0,0
4,2017,Indore,Indore,KXIP,1,RPS,0,KXIP,field,normal,KXIP,0,1,1,0,2
5,2017,Bangalore,RCB,RCB,1,DD,0,RCB,bat,normal,RCB,15,1,1,1,1
6,2017,Hyderabad,SRH,SRH,1,GL,0,SRH,field,normal,SRH,0,1,1,0,1
7,2017,Mumbai,MI,MI,1,KKR,0,MI,field,normal,MI,0,1,1,0,1
8,2017,Indore,Indore,KXIP,1,RCB,0,RCB,bat,normal,KXIP,0,0,1,1,2
9,2017,Pune,RPS,DD,1,RPS,0,RPS,field,normal,DD,97,0,1,0,0
10,2017,Mumbai,MI,MI,1,SRH,0,MI,field,normal,MI,0,1,1,0,1
11,2017,Kolkata,KKR,KKR,1,KXIP,0,KKR,field,normal,KKR,0,1,1,0,1
12,2017,Bangalore,RCB,MI,1,RCB,0,MI,field,normal,MI,0,1,1,0,0
13,2017,Rajkot,GL,GL,1,RPS,0,GL,field,normal,GL,0,1,1,0,1
14,2017,Kolkata,KKR,KKR,1,SRH,0,SRH,field,normal,KKR,17,0,1,0,1
15,2017,Delhi,DD,DD,1,KXIP,0,DD,bat,normal,DD,51,1,1,1,1
16,2017,Mumbai,MI,MI,1,GL,0,MI,field,normal,MI,0,1,1,0,1
17,2017,Bangalore,RCB,RPS,1,RCB,0,RCB,field,normal,RPS,27,0,1,0,0
18,2017,Delhi,DD,KKR,1,DD,0,DD,bat,normal,KKR,0,0,1,1,0
19,2017,Hyderabad,SRH,SRH,1,KXIP,0,KXIP,field,normal,SRH,5,0,1,0,1
20,2017,Rajkot,GL,RCB,1,GL,0,GL,field,normal,RCB,21,0,1,0,0
21,2017,Hyderabad,SRH,SRH,1,DD,0,SRH,bat,normal,SRH,15,1,1,1,1
22,2017,Indore,Indore,MI,1,KXIP,0,MI,field,normal,MI,0,1,1,0,2
23,2017,Kolkata,KKR,GL,1,KKR,0,GL,field,normal,GL,0,1,1,0,0
24,2017,Mumbai,MI,MI,1,DD,0,DD,field,normal,MI,14,0,1,0,1
25,2017,Pune,RPS,RPS,1,SRH,0,RPS,field,normal,RPS,0,1,1,0,1
26,2017,Rajkot,GL,KXIP,1,GL,0,GL,field,normal,KXIP,26,0,1,0,0
27,2017,Kolkata,KKR,KKR,1,RCB,0,RCB,field,normal,KKR,82,0,1,0,1
28,2017,Mumbai,MI,RPS,1,MI,0,MI,field,normal,RPS,3,0,1,0,0
29,2017,Pune,RPS,KKR,1,RPS,0,KKR,field,normal,KKR,0,1,1,0,0
30,2017,Bangalore,RCB,GL,1,RCB,0,GL,field,normal,GL,0,1,1,0,0
31,2017,Kolkata,KKR,KKR,1,DD,0,KKR,field,normal,KKR,0,1,1,0,1
32,2017,Chandigarh,KXIP,SRH,1,KXIP,0,KXIP,field,normal,SRH,26,0,1,0,0
33,2017,Pune,RPS,RPS,1,RCB,0,RCB,field,normal,RPS,61,0,1,0,1
34,2017,Rajkot,GL,MI,1,GL,0,GL,bat,tie,MI,0,0,1,1,0
35,2017,Chandigarh,KXIP,KXIP,1,DD,0,KXIP,field,normal,KXIP,0,1,1,0,1
36,2017,Hyderabad,SRH,SRH,1,KKR,0,KKR,field,normal,SRH,48,0,1,0,1
37,2017,Mumbai,MI,MI,1,RCB,0,RCB,bat,normal,MI,0,0,1,1,1
38,2017,Pune,RPS,RPS,1,GL,0,RPS,field,normal,RPS,0,1,1,0,1
39,2017,Delhi,DD,DD,1,SRH,0,DD,field,normal,DD,0,1,1,0,1
40,2017,Kolkata,KKR,RPS,1,KKR,0,RPS,field,normal,RPS,0,1,1,0,0
41,2017,Delhi,DD,DD,1,GL,0,DD,field,normal,DD,0,1,1,0,1
42,2017,Bangalore,RCB,KXIP,1,RCB,0,RCB,field,normal,KXIP,19,0,1,0,0
43,2017,Hyderabad,SRH,RPS,1,SRH,0,SRH,field,normal,RPS,12,0,1,0,0
44,2017,Delhi,DD,MI,1,DD,0,DD,field,normal,MI,146,0,1,0,0
45,2017,Bangalore,RCB,KKR,1,RCB,0,KKR,field,normal,KKR,0,1,1,0,0
46,2017,Chandigarh,KXIP,GL,1,KXIP,0,GL,field,normal,GL,0,1,1,0,0
47,2017,Hyderabad,SRH,SRH,1,MI,0,MI,bat,normal,SRH,0,0,1,1,1
48,2017,Chandigarh,KXIP,KXIP,1,KKR,0,KKR,field,normal,KXIP,14,0,1,0,1
49,2017,Kanpur,Kanpur,DD,1,GL,0,DD,field,normal,DD,0,1,1,0,2
50,2017,Mumbai,MI,KXIP,1,MI,0,MI,field,normal,KXIP,7,0,1,0,0
51,2017,Delhi,DD,DD,1,RPS,0,DD,bat,normal,DD,7,1,1,1,1
52,2017,Kanpur,Kanpur,SRH,1,GL,0,SRH,field,normal,SRH,0,1,1,0,2
53,2017,Kolkata,KKR,MI,1,KKR,0,KKR,field,normal,MI,9,0,1,0,0
54,2017,Pune,RPS,RPS,1,KXIP,0,RPS,field,normal,RPS,0,1,1,0,1
55,2017,Delhi,DD,RCB,1,DD,0,RCB,bat,normal,RCB,10,1,1,1,0
56,2017,Mumbai,MI,RPS,1,MI,0,MI,field,normal,RPS,20,0,1,0,0
57,2017,Bangalore,RCB,KKR,1,SRH,0,KKR,field,normal,KKR,0,1,1,0,2
58,2017,Bangalore,RCB,MI,1,KKR,0,MI,field,normal,MI,0,1,1,0,2
59,2017,Hyderabad,SRH,MI,1,RPS,0,MI,bat,normal,MI,1,1,1,1,2
60,2008,Bangalore,RCB,KKR,1,RCB,0,RCB,field,normal,KKR,140,0,1,0,0
61,2008,Chandigarh,KXIP,CSK,1,KXIP,0,CSK,bat,normal,CSK,33,1,1,1,0
62,2008,Delhi,DD,DD,1,RR,0,RR,bat,normal,DD,0,0,1,1,1
63,2008,Mumbai,MI,RCB,1,MI,0,MI,bat,normal,RCB,0,0,1,1,0
64,2008,Kolkata,KKR,KKR,1,SRH,0,SRH,bat,normal,KKR,0,0,1,1,1
65,2008,Jaipur,RR,RR,1,KXIP,0,KXIP,bat,normal,RR,0,0,1,1,1
66,2008,Hyderabad,SRH,DD,1,SRH,0,SRH,bat,normal,DD,0,0,1,1,0
67,2008,Chennai,CSK,CSK,1,MI,0,MI,field,normal,CSK,6,0,1,0,1
68,2008,Hyderabad,SRH,RR,1,SRH,0,RR,field,normal,RR,0,1,1,0,0
69,2008,Chandigarh,KXIP,KXIP,1,MI,0,MI,field,normal,KXIP,66,0,1,0,1
70,2008,Bangalore,RCB,RR,1,RCB,0,RR,field,normal,RR,0,1,1,0,0
71,2008,Chennai,CSK,CSK,1,KKR,0,KKR,bat,normal,CSK,0,0,1,1,1
72,2008,Mumbai,MI,MI,1,SRH,0,SRH,field,normal,SRH,0,0,0,0,1
73,2008,Chandigarh,KXIP,DD,1,KXIP,0,DD,bat,normal,KXIP,0,1,0,1,0
74,2008,Bangalore,RCB,CSK,1,RCB,0,CSK,bat,normal,CSK,13,1,1,1,0
75,2008,Kolkata,KKR,KKR,1,MI,0,KKR,bat,normal,MI,0,1,0,1,1
76,2008,Delhi,DD,DD,1,RCB,0,RCB,field,normal,DD,10,0,1,0,1
77,2008,Hyderabad,SRH,SRH,1,KXIP,0,KXIP,field,normal,KXIP,0,0,0,0,1
78,2008,Jaipur,RR,RR,1,KKR,0,RR,bat,normal,RR,45,1,1,1,1
79,2008,Chennai,CSK,CSK,1,DD,0,CSK,bat,normal,DD,0,1,0,1,1
80,2008,Hyderabad,SRH,SRH,1,RCB,0,SRH,bat,normal,RCB,0,1,0,1,1
81,2008,Chandigarh,KXIP,KXIP,1,KKR,0,KXIP,bat,normal,KXIP,9,1,1,1,1
82,2008,Mumbai,MI,MI,1,DD,0,DD,field,normal,MI,29,0,1,0,1
83,2008,Jaipur,RR,CSK,1,RR,0,CSK,bat,normal,RR,0,1,0,1,0
84,2008,Bangalore,RCB,RCB,1,KXIP,0,KXIP,field,normal,KXIP,0,0,0,0,1
85,2008,Chennai,CSK,CSK,1,SRH,0,SRH,field,normal,SRH,0,0,0,0,1
86,2008,Mumbai,MI,RR,1,MI,0,MI,field,normal,MI,0,0,0,0,0
87,2008,Delhi,DD,DD,1,CSK,0,CSK,field,normal,CSK,0,0,0,0,1
88,2008,Kolkata,KKR,KKR,1,RCB,0,KKR,bat,normal,KKR,5,1,1,1,1
89,2008,Jaipur,RR,SRH,1,RR,0,RR,field,normal,RR,0,0,0,0,0
90,2008,Bangalore,RCB,RCB,1,MI,0,MI,field,normal,MI,0,0,0,0,1
91,2008,Chennai,CSK,CSK,1,KXIP,0,KXIP,field,normal,CSK,18,0,1,0,1
92,2008,Hyderabad,SRH,KKR,1,SRH,0,KKR,bat,normal,KKR,23,1,1,1,0
93,2008,Jaipur,RR,DD,1,RR,0,RR,field,normal,RR,0,0,0,0,0
94,2008,Chandigarh,KXIP,RCB,1,KXIP,0,RCB,bat,normal,KXIP,0,1,0,1,0
95,2008,Kolkata,KKR,KKR,1,DD,0,KKR,bat,normal,KKR,23,1,1,1,1
96,2008,Mumbai,MI,CSK,1,MI,0,MI,field,normal,MI,0,0,0,0,0
97,2008,Chandigarh,KXIP,KXIP,1,RR,0,RR,field,normal,KXIP,41,0,1,0,1
98,2008,Delhi,DD,DD,1,SRH,0,SRH,field,normal,DD,12,0,1,0,1
99,2008,Mumbai,MI,KKR,1,MI,0,MI,field,normal,MI,0,0,0,0,0
100,2008,Delhi,DD,DD,1,KXIP,0,DD,bat,normal,KXIP,6,1,0,1,1
101,2008,Jaipur,RR,RR,1,RCB,0,RCB,field,normal,RR,65,0,1,0,1
102,2008,Hyderabad,SRH,MI,1,SRH,0,SRH,field,normal,MI,25,0,1,0,0
103,2008,Kolkata,KKR,KKR,1,CSK,0,KKR,bat,normal,CSK,3,1,0,1,1
104,2008,Bangalore,RCB,RCB,1,DD,0,DD,field,normal,DD,0,0,0,0,1
105,2008,Kolkata,KKR,KKR,1,RR,0,RR,field,normal,RR,0,0,0,0,1
106,2008,Mumbai,MI,KXIP,1,MI,0,MI,field,normal,KXIP,1,0,1,0,0
107,2008,Chennai,CSK,RCB,1,CSK,0,RCB,bat,normal,RCB,14,1,1,1,0
108,2008,Chandigarh,KXIP,SRH,1,KXIP,0,KXIP,field,normal,KXIP,0,0,0,0,0
109,2008,Delhi,DD,MI,1,DD,0,DD,field,normal,DD,0,0,0,0,0
110,2008,Chennai,CSK,RR,1,CSK,0,RR,bat,normal,RR,10,1,1,1,0
111,2008,Bangalore,RCB,RCB,1,SRH,0,SRH,field,normal,RCB,3,0,1,0,1
112,2008,Kolkata,KKR,KXIP,1,KKR,0,KXIP,bat,normal,KKR,0,1,0,1,0
113,2008,Jaipur,RR,MI,1,RR,0,RR,field,normal,RR,0,0,0,0,0
114,2008,Hyderabad,SRH,SRH,1,CSK,0,SRH,bat,normal,CSK,0,1,0,1,1
115,2008,Mumbai,MI,RR,1,DD,0,DD,field,normal,RR,105,0,1,0,2
116,2008,Mumbai,MI,KXIP,1,CSK,0,KXIP,bat,normal,CSK,0,1,0,1,2
117,2008,Mumbai,MI,CSK,1,RR,0,RR,field,normal,RR,0,0,0,0,2
118,2009,Cape Town,Cape Town,MI,1,CSK,0,CSK,field,normal,MI,19,0,1,0,2
119,2009,Cape Town,Cape Town,RCB,1,RR,0,RCB,bat,normal,RCB,75,1,1,1,2
120,2009,Cape Town,Cape Town,KXIP,1,DD,0,DD,field,normal,DD,0,0,0,0,2
121,2009,Cape Town,Cape Town,KKR,1,SRH,0,KKR,bat,normal,SRH,0,1,0,1,2
122,2009,Port Elizabeth,Port Elizabeth,CSK,1,RCB,0,CSK,bat,normal,CSK,92,1,1,1,2
123,2009,Durban,Durban,KXIP,1,KKR,0,KKR,field,normal,KKR,11,0,0,0,2
124,2009,Cape Town,Cape Town,SRH,1,RCB,0,SRH,bat,normal,SRH,24,1,1,1,2
125,2009,Durban,Durban,DD,1,CSK,0,DD,bat,normal,DD,9,1,1,1,2
126,2009,Cape Town,Cape Town,RR,1,KKR,0,KKR,field,tie,RR,0,0,1,0,2
127,2009,Durban,Durban,RCB,1,KXIP,0,RCB,bat,normal,KXIP,0,1,0,1,2
128,2009,Durban,Durban,SRH,1,MI,0,SRH,bat,normal,SRH,12,1,1,1,2
129,2009,Port Elizabeth,Port Elizabeth,RCB,1,DD,0,RCB,bat,normal,DD,0,1,0,1,2
130,2009,Cape Town,Cape Town,KXIP,1,RR,0,KXIP,bat,normal,KXIP,27,1,1,1,2
131,2009,Durban,Durban,CSK,1,SRH,0,SRH,field,normal,SRH,0,0,0,0,2
132,2009,Port Elizabeth,Port Elizabeth,MI,1,KKR,0,MI,bat,normal,MI,92,1,1,1,2
133,2009,Centurion,Centurion,DD,1,RR,0,DD,bat,normal,RR,0,1,0,1,2
134,2009,Durban,Durban,KKR,1,RCB,0,KKR,bat,normal,RCB,0,1,0,1,2
135,2009,Durban,Durban,KXIP,1,MI,0,KXIP,bat,normal,KXIP,3,1,1,1,2
136,2009,Centurion,Centurion,SRH,1,DD,0,DD,field,normal,DD,0,0,0,0,2
137,2009,Centurion,Centurion,CSK,1,RR,0,RR,field,normal,CSK,38,0,1,0,2
138,2009,East London,East London,MI,1,KKR,0,MI,bat,normal,MI,9,1,1,1,2
139,2009,Durban,Durban,RCB,1,KXIP,0,RCB,bat,normal,RCB,8,1,1,1,2
140,2009,Port Elizabeth,Port Elizabeth,SRH,1,RR,0,SRH,bat,normal,RR,0,1,0,1,2
141,2009,Johannesburg,Johannesburg,CSK,1,DD,0,DD,field,normal,CSK,18,0,1,0,2
142,2009,Port Elizabeth,Port Elizabeth,KKR,1,KXIP,0,KKR,bat,normal,KXIP,0,1,0,1,2
143,2009,Johannesburg,Johannesburg,MI,1,RCB,0,MI,bat,normal,RCB,0,1,0,1,2
144,2009,East London,East London,CSK,1,SRH,0,CSK,bat,normal,CSK,78,1,1,1,2
145,2009,Durban,Durban,RR,1,KXIP,0,KXIP,field,normal,RR,78,0,1,0,2
146,2009,Durban,Durban,KKR,1,DD,0,KKR,bat,normal,DD,0,1,0,1,2
147,2009,Centurion,Centurion,SRH,1,MI,0,SRH,bat,normal,SRH,19,1,1,1,2
148,2009,Centurion,Centurion,RCB,1,RR,0,RR,field,normal,RR,0,0,0,0,2
149,2009,Centurion,Centurion,CSK,1,KXIP,0,CSK,bat,normal,CSK,12,1,1,1,2
150,2009,East London,East London,MI,1,DD,0,MI,bat,normal,DD,0,1,0,1,2
151,2009,Kimberley,Kimberley,SRH,1,KXIP,0,KXIP,field,normal,KXIP,0,0,0,0,2
152,2009,Kimberley,Kimberley,RR,1,CSK,0,RR,bat,normal,CSK,0,1,0,1,2
153,2009,Port Elizabeth,Port Elizabeth,MI,1,RCB,0,MI,bat,normal,MI,16,1,1,1,2
154,2009,Johannesburg,Johannesburg,KKR,1,DD,0,DD,field,normal,DD,0,0,0,0,2
155,2009,Kimberley,Kimberley,SRH,1,RR,0,SRH,bat,normal,SRH,53,1,1,1,2
156,2009,Centurion,Centurion,KKR,1,RCB,0,RCB,field,normal,RCB,0,0,0,0,2
157,2009,Centurion,Centurion,KXIP,1,MI,0,KXIP,bat,normal,MI,0,1,0,1,2
158,2009,Durban,Durban,DD,1,SRH,0,SRH,field,normal,DD,12,0,1,0,2
159,2009,Durban,Durban,CSK,1,RCB,0,CSK,bat,normal,RCB,0,1,0,1,2
160,2009,Durban,Durban,RR,1,MI,0,RR,bat,normal,RR,2,1,1,1,2
161,2009,Bloemfontein,Bloemfontein,DD,1,KXIP,0,KXIP,field,normal,KXIP,0,0,0,0,2
162,2009,Port Elizabeth,Port Elizabeth,MI,1,CSK,0,MI,bat,normal,CSK,0,1,0,1,2
163,2009,Johannesburg,Johannesburg,KKR,1,SRH,0,SRH,field,normal,SRH,0,0,0,0,2
164,2009,Johannesburg,Johannesburg,KXIP,1,SRH,0,SRH,field,normal,KXIP,1,0,1,0,2
165,2009,Bloemfontein,Bloemfontein,DD,1,RR,0,DD,bat,normal,DD,14,1,1,1,2
166,2009,Centurion,Centurion,CSK,1,KKR,0,CSK,bat,normal,KKR,0,1,0,1,2
167,2009,Johannesburg,Johannesburg,DD,1,RCB,0,DD,bat,normal,RCB,0,1,0,1,2
168,2009,Durban,Durban,RR,1,KKR,0,KKR,field,normal,KKR,0,0,0,0,2
169,2009,Durban,Durban,CSK,1,KXIP,0,CSK,bat,normal,CSK,24,1,1,1,2
170,2009,Centurion,Centurion,MI,1,DD,0,DD,field,normal,DD,0,0,0,0,2
171,2009,Centurion,Centurion,RCB,1,SRH,0,RCB,bat,normal,RCB,12,1,1,1,2
172,2009,Centurion,Centurion,DD,1,SRH,0,SRH,field,normal,SRH,0,0,0,0,2
173,2009,Johannesburg,Johannesburg,CSK,1,RCB,0,RCB,field,normal,RCB,0,0,0,0,2
174,2009,Johannesburg,Johannesburg,SRH,1,RCB,0,RCB,field,normal,SRH,6,0,1,0,2
175,2010,Mumbai,MI,KKR,1,SRH,0,SRH,field,normal,KKR,11,0,1,0,2
176,2010,Mumbai,MI,MI,1,RR,0,MI,bat,normal,MI,4,1,1,1,1
177,2010,Chandigarh,KXIP,KXIP,1,DD,0,DD,field,normal,DD,0,0,0,0,1
178,2010,Kolkata,KKR,RCB,1,KKR,0,KKR,field,normal,KKR,0,0,0,0,0
179,2010,Chennai,CSK,SRH,1,CSK,0,SRH,bat,normal,SRH,31,1,1,1,0
180,2010,Ahmedabad,Ahmedabad,RR,1,DD,0,DD,field,normal,DD,0,0,0,0,2
181,2010,Bangalore,RCB,KXIP,1,RCB,0,KXIP,bat,normal,RCB,0,1,0,1,0
182,2010,Kolkata,KKR,CSK,1,KKR,0,CSK,bat,normal,CSK,55,1,1,1,0
183,2010,Delhi,DD,MI,1,DD,0,DD,field,normal,MI,98,0,1,0,0
184,2010,Bangalore,RCB,RR,1,RCB,0,RCB,field,normal,RCB,0,0,0,0,0
185,2010,Delhi,DD,DD,1,CSK,0,DD,bat,normal,CSK,0,1,0,1,1
186,2010,Cuttack,Cuttack,SRH,1,KXIP,0,KXIP,field,normal,SRH,6,0,1,0,2
187,2010,Ahmedabad,Ahmedabad,RR,1,KKR,0,RR,bat,normal,RR,34,1,1,1,2
188,2010,Mumbai,MI,MI,1,RCB,0,MI,bat,normal,RCB,0,1,0,1,1
189,2010,Cuttack,Cuttack,SRH,1,DD,0,SRH,bat,normal,SRH,10,1,1,1,2
190,2010,Chennai,CSK,KXIP,1,CSK,0,CSK,field,tie,KXIP,0,0,1,0,0
191,2010,Mumbai,MI,KKR,1,MI,0,KKR,bat,normal,MI,0,1,0,1,0
192,2010,Bangalore,RCB,RCB,1,CSK,0,CSK,field,normal,RCB,36,0,1,0,1
193,2010,Chandigarh,KXIP,RR,1,KXIP,0,KXIP,field,normal,RR,31,0,1,0,0
194,2010,Mumbai,MI,CSK,1,MI,0,MI,field,normal,MI,0,0,0,0,0
195,2010,Ahmedabad,Ahmedabad,SRH,1,RR,0,SRH,bat,normal,RR,0,1,0,1,2
196,2010,Chandigarh,KXIP,KKR,1,KXIP,0,KKR,bat,normal,KKR,39,1,1,1,0
197,2010,Bangalore,RCB,DD,1,RCB,0,RCB,field,normal,DD,17,0,1,0,0
198,2010,Ahmedabad,Ahmedabad,RR,1,CSK,0,RR,bat,normal,RR,17,1,1,1,2
199,2010,Mumbai,MI,MI,1,SRH,0,SRH,field,normal,MI,41,0,1,0,1
200,2010,Delhi,DD,DD,1,KKR,0,DD,bat,normal,DD,40,1,1,1,1
201,2010,Mumbai,MI,KXIP,1,MI,0,MI,field,normal,MI,0,0,0,0,0
202,2010,Chennai,CSK,RCB,1,CSK,0,RCB,bat,normal,CSK,0,1,0,1,0
203,2010,Delhi,DD,DD,1,RR,0,DD,bat,normal,DD,67,1,1,1,1
204,2010,Kolkata,KKR,KKR,1,SRH,0,KKR,bat,normal,KKR,24,1,1,1,1
205,2010,Chandigarh,KXIP,KXIP,1,RCB,0,KXIP,bat,normal,RCB,0,1,0,1,1
206,2010,Chennai,CSK,CSK,1,RR,0,CSK,bat,normal,CSK,23,1,1,1,1
207,2010,Mumbai,MI,MI,1,SRH,0,MI,bat,normal,MI,63,1,1,1,1
208,2010,Kolkata,KKR,KKR,1,KXIP,0,KKR,bat,normal,KXIP,0,1,0,1,1
209,2010,Delhi,DD,DD,1,RCB,0,DD,bat,normal,DD,37,1,1,1,1
210,2010,Nagpur,Nagpur,RR,1,SRH,0,RR,bat,normal,RR,2,1,1,1,2
211,2010,Chennai,CSK,CSK,1,MI,0,CSK,bat,normal,CSK,24,1,1,1,1
212,2010,Jaipur,RR,KXIP,1,RR,0,KXIP,bat,normal,RR,0,1,0,1,0
213,2010,Kolkata,KKR,KKR,1,DD,0,KKR,bat,normal,KKR,14,1,1,1,1
214,2010,Bangalore,RCB,RCB,1,SRH,0,SRH,field,normal,SRH,0,0,0,0,1
215,2010,Chandigarh,KXIP,MI,1,KXIP,0,MI,bat,normal,KXIP,0,1,0,1,0
216,2010,Nagpur,Nagpur,CSK,1,SRH,0,CSK,bat,normal,SRH,0,1,0,1,2
217,2010,Bangalore,RCB,KKR,1,RCB,0,RCB,field,normal,RCB,0,0,0,0,0
218,2010,Delhi,DD,DD,1,KXIP,0,DD,bat,normal,KXIP,0,1,0,1,1
219,2010,Jaipur,RR,MI,1,RR,0,RR,field,normal,MI,37,0,1,0,0
220,2010,Nagpur,Nagpur,SRH,1,RCB,0,RCB,field,normal,SRH,13,0,1,0,2
221,2010,Mumbai,MI,MI,1,DD,0,MI,bat,normal,MI,39,1,1,1,1
222,2010,Chennai,CSK,KKR,1,CSK,0,KKR,bat,normal,CSK,0,1,0,1,0
223,2010,Jaipur,RR,RR,1,RCB,0,RR,bat,normal,RCB,0,1,0,1,1
224,2010,Chennai,CSK,CSK,1,DD,0,CSK,bat,normal,DD,0,1,0,1,1
225,2010,Dharamsala,Dharamsala,KXIP,1,SRH,0,SRH,field,normal,SRH,0,0,0,0,2
226,2010,Bangalore,RCB,MI,1,RCB,0,RCB,field,normal,MI,57,0,1,0,0
227,2010,Kolkata,KKR,RR,1,KKR,0,RR,bat,normal,KKR,0,1,0,1,0
228,2010,Dharamsala,Dharamsala,KXIP,1,CSK,0,CSK,field,normal,CSK,0,0,0,0,2
229,2010,Delhi,DD,SRH,1,DD,0,SRH,bat,normal,SRH,11,1,1,1,0
230,2010,Kolkata,KKR,MI,1,KKR,0,MI,bat,normal,KKR,0,1,0,1,0
231,2010,Mumbai,MI,MI,1,RCB,0,MI,bat,normal,MI,35,1,1,1,1
232,2010,Mumbai,MI,CSK,1,SRH,0,CSK,bat,normal,CSK,38,1,1,1,2
233,2010,Mumbai,MI,SRH,1,RCB,0,SRH,bat,normal,RCB,0,1,0,1,2
234,2010,Mumbai,MI,CSK,1,MI,0,CSK,bat,normal,CSK,22,1,1,1,0
235,2011,Chennai,CSK,CSK,1,KKR,0,CSK,bat,normal,CSK,2,1,1,1,1
236,2011,Hyderabad,SRH,SRH,1,RR,0,RR,field,normal,RR,0,0,0,0,1
237,2011,Kochi,Kochi,KTK,1,RCB,0,KTK,bat,normal,RCB,0,1,0,1,2
238,2011,Delhi,DD,DD,1,MI,0,DD,bat,normal,MI,0,1,0,1,1
239,2011,Mumbai,MI,KXIP,1,RPS,0,KXIP,bat,normal,RPS,0,1,0,1,2
240,2011,Kolkata,KKR,KKR,1,SRH,0,KKR,bat,normal,KKR,9,1,1,1,1
241,2011,Jaipur,RR,DD,1,RR,0,DD,bat,normal,RR,0,1,0,1,0
242,2011,Bangalore,RCB,RCB,1,MI,0,MI,field,normal,MI,0,0,0,0,1
243,2011,Chandigarh,KXIP,CSK,1,KXIP,0,KXIP,field,normal,KXIP,0,0,0,0,0
244,2011,Mumbai,MI,KTK,1,RPS,0,KTK,bat,normal,RPS,0,1,0,1,2
245,2011,Hyderabad,SRH,SRH,1,RCB,0,RCB,field,normal,SRH,33,0,1,0,1
246,2011,Jaipur,RR,RR,1,KKR,0,KKR,field,normal,KKR,0,0,0,0,1
247,2011,Mumbai,MI,MI,1,KTK,0,KTK,field,normal,KTK,0,0,0,0,1
248,2011,Chennai,CSK,CSK,1,RCB,0,CSK,bat,normal,CSK,21,1,1,1,1
249,2011,Hyderabad,SRH,SRH,1,KXIP,0,KXIP,field,normal,KXIP,0,0,0,0,1
250,2011,Mumbai,MI,RPS,1,DD,0,DD,field,normal,DD,0,0,0,0,2
251,2011,Kolkata,KKR,RR,1,KKR,0,KKR,field,normal,KKR,0,0,0,0,0
252,2011,Kochi,Kochi,CSK,1,KTK,0,KTK,field,normal,KTK,0,0,0,0,2
253,2011,Delhi,DD,SRH,1,DD,0,SRH,bat,normal,SRH,16,1,1,1,0
254,2011,Mumbai,MI,RPS,1,MI,0,RPS,bat,normal,MI,0,1,0,1,0
255,2011,Kolkata,KKR,KTK,1,KKR,0,KKR,field,normal,KTK,6,0,1,0,0
256,2011,Chandigarh,KXIP,KXIP,1,RR,0,RR,field,normal,KXIP,48,0,1,0,1
257,2011,Mumbai,MI,MI,1,CSK,0,CSK,field,normal,MI,8,0,1,0,1
258,2011,Kolkata,KKR,KKR,1,RCB,0,RCB,field,normal,RCB,0,0,0,0,1
259,2011,Delhi,DD,DD,1,KXIP,0,KXIP,field,normal,DD,29,0,1,0,1
260,2011,Hyderabad,SRH,MI,1,SRH,0,SRH,field,normal,MI,37,0,1,0,0
261,2011,Jaipur,RR,KTK,1,RR,0,RR,field,normal,RR,0,0,0,0,0
262,2011,Chennai,CSK,CSK,1,RPS,0,RPS,field,normal,CSK,25,0,1,0,1
263,2011,Delhi,DD,DD,1,RCB,0,RCB,field,normal,RCB,0,0,0,0,1
264,2011,Mumbai,MI,RPS,1,CSK,0,RPS,bat,normal,CSK,0,1,0,1,2
265,2011,Kochi,Kochi,SRH,1,KTK,0,KTK,field,normal,SRH,55,0,1,0,2
266,2011,Delhi,DD,KKR,1,DD,0,DD,field,normal,KKR,17,0,1,0,0
267,2011,Jaipur,RR,MI,1,RR,0,RR,field,normal,RR,0,0,0,0,0
268,2011,Bangalore,RCB,RCB,1,RPS,0,RPS,field,normal,RCB,26,0,1,0,1
269,2011,Kochi,Kochi,DD,1,KTK,0,DD,bat,normal,DD,38,1,1,1,2
270,2011,Kolkata,KKR,KXIP,1,KKR,0,KKR,field,normal,KKR,0,0,0,0,0
271,2011,Jaipur,RR,RPS,1,RR,0,RR,field,normal,RR,0,0,0,0,0
272,2011,Chennai,CSK,CSK,1,SRH,0,CSK,bat,normal,CSK,19,1,1,1,1
273,2011,Mumbai,MI,MI,1,KXIP,0,KXIP,field,normal,MI,23,0,1,0,1
274,2011,Delhi,DD,DD,1,KTK,0,KTK,field,normal,KTK,0,0,0,0,1
275,2011,Hyderabad,SRH,KKR,1,SRH,0,SRH,field,normal,KKR,20,0,1,0,0
276,2011,Chennai,CSK,RR,1,CSK,0,RR,bat,normal,CSK,0,1,0,1,0
277,2011,Mumbai,MI,MI,1,RPS,0,RPS,field,normal,MI,21,0,1,0,1
278,2011,Kochi,Kochi,KTK,1,KKR,0,KKR,field,normal,KTK,17,0,1,0,2
279,2011,Hyderabad,SRH,SRH,1,DD,0,DD,field,normal,DD,0,0,0,0,1
280,2011,Bangalore,RCB,RCB,1,KXIP,0,KXIP,field,normal,RCB,85,0,1,0,1
281,2011,Kolkata,KKR,CSK,1,KKR,0,CSK,bat,normal,KKR,10,1,0,1,0
282,2011,Mumbai,MI,MI,1,DD,0,DD,field,normal,MI,32,0,1,0,1
283,2011,Bangalore,RCB,KTK,1,RCB,0,KTK,bat,normal,RCB,0,1,0,1,0
284,2011,Chandigarh,KXIP,KXIP,1,RPS,0,KXIP,bat,normal,RPS,0,1,0,1,1
285,2011,Jaipur,RR,CSK,1,RR,0,RR,field,normal,CSK,63,0,1,0,0
286,2011,Hyderabad,SRH,SRH,1,RPS,0,SRH,bat,normal,RPS,0,1,0,1,1
287,2011,Chandigarh,KXIP,KXIP,1,MI,0,MI,field,normal,KXIP,76,0,1,0,1
288,2011,Jaipur,RR,RR,1,RCB,0,RCB,field,normal,RCB,0,0,0,0,1
289,2011,Chennai,CSK,CSK,1,DD,0,CSK,bat,normal,CSK,18,1,1,1,1
290,2011,Indore,Indore,KTK,1,KXIP,0,KXIP,field,normal,KXIP,0,0,0,0,2
291,2011,Bangalore,RCB,KKR,1,RCB,0,RCB,field,normal,RCB,0,0,0,0,0
292,2011,Mumbai,MI,SRH,1,MI,0,SRH,bat,normal,SRH,10,1,1,1,0
293,2011,Dharamsala,Dharamsala,KXIP,1,DD,0,DD,field,normal,KXIP,29,0,1,0,2
294,2011,Indore,Indore,RR,1,KTK,0,KTK,field,normal,KTK,0,0,0,0,2
295,2011,Mumbai,MI,RPS,1,SRH,0,SRH,field,normal,SRH,0,0,0,0,2
296,2011,Dharamsala,Dharamsala,KXIP,1,RCB,0,KXIP,bat,normal,KXIP,111,1,1,1,2
297,2011,Chennai,CSK,CSK,1,KTK,0,CSK,bat,normal,CSK,11,1,1,1,1
298,2011,Mumbai,MI,RPS,1,KKR,0,KKR,field,normal,KKR,0,0,0,0,2
299,2011,Mumbai,MI,MI,1,RR,0,MI,bat,normal,RR,0,1,0,1,1
300,2011,Dharamsala,Dharamsala,SRH,1,KXIP,0,KXIP,field,normal,SRH,82,0,1,0,2
302,2011,Bangalore,RCB,CSK,1,RCB,0,RCB,field,normal,RCB,0,0,0,0,0
303,2011,Kolkata,KKR,KKR,1,MI,0,MI,field,normal,MI,0,0,0,0,1
304,2011,Mumbai,MI,RCB,1,CSK,0,CSK,field,normal,CSK,0,0,0,0,2
305,2011,Mumbai,MI,KKR,1,MI,0,MI,field,normal,MI,0,0,0,0,0
306,2011,Chennai,CSK,RCB,1,MI,0,MI,field,normal,RCB,43,0,1,0,2
307,2011,Chennai,CSK,CSK,1,RCB,0,CSK,bat,normal,CSK,58,1,1,1,1
308,2012,Chennai,CSK,CSK,1,MI,0,MI,field,normal,MI,0,0,0,0,1
309,2012,Kolkata,KKR,KKR,1,DD,0,DD,field,normal,DD,0,0,0,0,1
310,2012,Mumbai,MI,RPS,1,MI,0,MI,field,normal,RPS,28,0,1,0,0
311,2012,Jaipur,RR,RR,1,KXIP,0,KXIP,field,normal,RR,31,0,1,0,1
312,2012,Bangalore,RCB,RCB,1,DD,0,DD,field,normal,RCB,20,0,1,0,1
313,2012,Visakhapatnam,Visakhapatnam,CSK,1,SRH,0,SRH,field,normal,CSK,74,0,1,0,2
314,2012,Jaipur,RR,RR,1,KKR,0,KKR,field,normal,RR,22,0,1,0,1
315,2012,Pune,RPS,RPS,1,KXIP,0,RPS,bat,normal,RPS,22,1,1,1,1
316,2012,Visakhapatnam,Visakhapatnam,SRH,1,MI,0,SRH,bat,normal,MI,0,1,0,1,2
317,2012,Bangalore,RCB,KKR,1,RCB,0,RCB,field,normal,KKR,42,0,1,0,0
318,2012,Delhi,DD,CSK,1,DD,0,DD,field,normal,DD,0,0,0,0,0
319,2012,Mumbai,MI,MI,1,RR,0,RR,field,normal,MI,27,0,1,0,1
320,2012,Chennai,CSK,RCB,1,CSK,0,RCB,bat,normal,CSK,0,1,0,1,0
321,2012,Chandigarh,KXIP,RPS,1,KXIP,0,KXIP,field,normal,KXIP,0,0,0,0,0
322,2012,Kolkata,KKR,RR,1,KKR,0,RR,bat,normal,KKR,0,1,0,1,0
323,2012,Delhi,DD,SRH,1,DD,0,SRH,bat,normal,DD,0,1,0,1,0
324,2012,Pune,RPS,CSK,1,RPS,0,CSK,bat,normal,RPS,0,1,0,1,0
325,2012,Kolkata,KKR,KXIP,1,KKR,0,KKR,field,normal,KXIP,2,0,1,0,0
326,2012,Bangalore,RCB,RR,1,RCB,0,RR,bat,normal,RR,59,1,1,1,0
327,2012,Mumbai,MI,MI,1,DD,0,DD,field,normal,DD,0,0,0,0,1
328,2012,Jaipur,RR,SRH,1,RR,0,SRH,bat,normal,RR,0,1,0,1,0
329,2012,Bangalore,RCB,RPS,1,RCB,0,RPS,bat,normal,RCB,0,1,0,1,0
330,2012,Chandigarh,KXIP,KXIP,1,KKR,0,KXIP,bat,normal,KKR,0,1,0,1,1
331,2012,Hyderabad,SRH,SRH,1,DD,0,SRH,bat,normal,DD,0,1,0,1,1
332,2012,Chennai,CSK,CSK,1,RPS,0,RPS,field,normal,CSK,13,0,1,0,1
333,2012,Chandigarh,KXIP,KXIP,1,RCB,0,RCB,field,normal,RCB,0,0,0,0,1
334,2012,Chennai,CSK,RR,1,CSK,0,RR,bat,normal,CSK,0,1,0,1,0
335,2012,Delhi,DD,RPS,1,DD,0,DD,field,normal,RPS,20,0,1,0,0
336,2012,Mumbai,MI,MI,1,KXIP,0,MI,bat,normal,KXIP,0,1,0,1,1
337,2012,Cuttack,Cuttack,SRH,1,KKR,0,KKR,field,normal,KKR,0,0,0,0,2
338,2012,Jaipur,RR,RCB,1,RR,0,RR,field,normal,RCB,46,0,1,0,0
339,2012,Pune,RPS,RPS,1,DD,0,RPS,bat,normal,DD,0,1,0,1,1
340,2012,Chandigarh,KXIP,KXIP,1,MI,0,KXIP,bat,normal,MI,0,1,0,1,1
341,2012,Pune,RPS,SRH,1,RPS,0,SRH,bat,normal,SRH,18,1,1,1,0
342,2012,Delhi,DD,DD,1,MI,0,MI,field,normal,DD,37,0,1,0,1
343,2012,Chennai,CSK,KXIP,1,CSK,0,KXIP,bat,normal,KXIP,7,1,1,1,0
344,2012,Kolkata,KKR,KKR,1,RCB,0,KKR,bat,normal,KKR,47,1,1,1,1
345,2012,Delhi,DD,DD,1,RR,0,DD,bat,normal,DD,1,1,1,1,1
346,2012,Mumbai,MI,SRH,1,MI,0,MI,field,normal,MI,0,0,0,0,0
347,2012,Chennai,CSK,CSK,1,KKR,0,CSK,bat,normal,KKR,0,1,0,1,1
348,2012,Cuttack,Cuttack,SRH,1,RPS,0,SRH,bat,normal,SRH,13,1,1,1,2
349,2012,Jaipur,RR,RR,1,DD,0,RR,bat,normal,DD,0,1,0,1,1
350,2012,Bangalore,RCB,RCB,1,KXIP,0,KXIP,field,normal,KXIP,0,0,0,0,1
351,2012,Pune,RPS,MI,1,RPS,0,MI,bat,normal,MI,1,1,1,1,0
352,2012,Chennai,CSK,CSK,1,SRH,0,CSK,bat,normal,CSK,10,1,1,1,1
353,2012,Kolkata,KKR,KKR,1,RPS,0,KKR,bat,normal,KKR,7,1,1,1,1
354,2012,Chandigarh,KXIP,RR,1,KXIP,0,RR,bat,normal,RR,43,1,1,1,0
355,2012,Mumbai,MI,CSK,1,MI,0,MI,field,normal,MI,0,0,0,0,0
356,2012,Bangalore,RCB,SRH,1,RCB,0,RCB,field,normal,RCB,0,0,0,0,0
357,2012,Delhi,DD,DD,1,KKR,0,DD,bat,normal,KKR,0,1,0,1,1
358,2012,Pune,RPS,RPS,1,RR,0,RPS,bat,normal,RR,0,1,0,1,1
359,2012,Hyderabad,SRH,KXIP,1,SRH,0,SRH,field,normal,KXIP,25,0,1,0,0
360,2012,Mumbai,MI,MI,1,RCB,0,RCB,field,normal,RCB,0,0,0,0,1
361,2012,Jaipur,RR,RR,1,CSK,0,CSK,field,normal,CSK,0,0,0,0,1
362,2012,Pune,RPS,RCB,1,RPS,0,RPS,field,normal,RCB,35,0,1,0,0
363,2012,Kolkata,KKR,MI,1,KKR,0,MI,bat,normal,MI,27,1,1,1,0
364,2012,Chennai,CSK,DD,1,CSK,0,CSK,field,normal,CSK,0,0,0,0,0
365,2012,Jaipur,RR,RR,1,RPS,0,RR,bat,normal,RR,45,1,1,1,1
366,2012,Chandigarh,KXIP,SRH,1,KXIP,0,SRH,bat,normal,KXIP,0,1,0,1,0
367,2012,Bangalore,RCB,RCB,1,MI,0,MI,field,normal,MI,0,0,0,0,1
368,2012,Kolkata,KKR,KKR,1,CSK,0,CSK,field,normal,CSK,0,0,0,0,1
369,2012,Delhi,DD,KXIP,1,DD,0,KXIP,bat,normal,DD,0,1,0,1,0
370,2012,Mumbai,MI,KKR,1,MI,0,MI,field,normal,KKR,32,0,1,0,0
371,2012,Dharamsala,Dharamsala,CSK,1,KXIP,0,KXIP,field,normal,KXIP,0,0,0,0,2
372,2012,Delhi,DD,RCB,1,DD,0,DD,field,normal,RCB,21,0,1,0,0
373,2012,Hyderabad,SRH,RR,1,SRH,0,RR,bat,normal,SRH,0,1,0,1,0
374,2012,Dharamsala,Dharamsala,KXIP,1,DD,0,DD,field,normal,DD,0,0,0,0,2
375,2012,Pune,RPS,KKR,1,RPS,0,KKR,bat,normal,KKR,34,1,1,1,0
376,2012,Hyderabad,SRH,SRH,1,RCB,0,RCB,field,normal,SRH,9,0,1,0,1
377,2012,Jaipur,RR,RR,1,MI,0,RR,bat,normal,MI,0,1,0,1,1
378,2012,Pune,RPS,KKR,1,DD,0,KKR,bat,normal,KKR,18,1,1,1,2
379,2012,Bangalore,RCB,CSK,1,MI,0,MI,field,normal,CSK,38,0,1,0,2
380,2012,Chennai,CSK,CSK,1,DD,0,DD,field,normal,CSK,86,0,1,0,1
381,2012,Chennai,CSK,CSK,1,KKR,0,CSK,bat,normal,KKR,0,1,0,1,1
382,2013,Kolkata,KKR,DD,1,KKR,0,KKR,field,normal,KKR,0,0,0,0,0
383,2013,Bangalore,RCB,RCB,1,MI,0,MI,field,normal,RCB,2,0,1,0,1
384,2013,Hyderabad,SRH,SRH,1,RPS,0,RPS,field,normal,SRH,22,0,1,0,1
385,2013,Delhi,DD,RR,1,DD,0,RR,bat,normal,RR,5,1,1,1,0
386,2013,Chennai,CSK,MI,1,CSK,0,MI,bat,normal,MI,9,1,1,1,0
387,2013,Pune,RPS,RPS,1,KXIP,0,RPS,bat,normal,KXIP,0,1,0,1,1
388,2013,Hyderabad,SRH,RCB,1,SRH,0,RCB,bat,tie,SRH,0,1,0,1,0
389,2013,Jaipur,RR,RR,1,KKR,0,KKR,field,normal,RR,19,0,1,0,1
390,2013,Mumbai,MI,MI,1,DD,0,MI,bat,normal,MI,44,1,1,1,1
391,2013,Chandigarh,KXIP,KXIP,1,CSK,0,CSK,field,normal,CSK,0,0,0,0,1
392,2013,Bangalore,RCB,KKR,1,RCB,0,RCB,field,normal,RCB,0,0,0,0,0
393,2013,Pune,RPS,RR,1,RPS,0,RR,bat,normal,RPS,0,1,0,1,0
394,2013,Delhi,DD,DD,1,SRH,0,DD,bat,normal,SRH,0,1,0,1,1
395,2013,Mumbai,MI,MI,1,RPS,0,MI,bat,normal,MI,41,1,1,1,1
396,2013,Chennai,CSK,RCB,1,CSK,0,CSK,field,normal,CSK,0,0,0,0,0
397,2013,Kolkata,KKR,KKR,1,SRH,0,KKR,bat,normal,KKR,48,1,1,1,1
398,2013,Jaipur,RR,KXIP,1,RR,0,RR,field,normal,RR,0,0,0,0,0
399,2013,Chennai,CSK,RPS,1,CSK,0,RPS,bat,normal,RPS,24,1,1,1,0
400,2013,Chandigarh,KXIP,KXIP,1,KKR,0,KKR,field,normal,KXIP,4,0,1,0,1
401,2013,Bangalore,RCB,DD,1,RCB,0,RCB,field,tie,RCB,0,0,0,0,0
402,2013,Pune,RPS,SRH,1,RPS,0,RPS,field,normal,SRH,11,0,1,0,0
403,2013,Jaipur,RR,RR,1,MI,0,RR,bat,normal,RR,87,1,1,1,1
404,2013,Delhi,DD,CSK,1,DD,0,CSK,bat,normal,CSK,86,1,1,1,0
405,2013,Hyderabad,SRH,KXIP,1,SRH,0,KXIP,bat,normal,SRH,0,1,0,1,0
406,2013,Kolkata,KKR,KKR,1,CSK,0,KKR,bat,normal,CSK,0,1,0,1,1
407,2013,Bangalore,RCB,RR,1,RCB,0,RCB,field,normal,RCB,0,0,0,0,0
408,2013,Delhi,DD,MI,1,DD,0,MI,bat,normal,DD,0,1,0,1,0
409,2013,Chandigarh,KXIP,RPS,1,KXIP,0,KXIP,field,normal,KXIP,0,0,0,0,0
410,2013,Chennai,CSK,RR,1,CSK,0,RR,bat,normal,CSK,0,1,0,1,0
411,2013,Bangalore,RCB,RCB,1,RPS,0,RPS,field,normal,RCB,130,0,1,0,1
412,2013,Dharamsala,Dharamsala,KXIP,1,DD,0,DD,field,normal,KXIP,7,0,1,0,2
413,2013,Kolkata,KKR,KKR,1,MI,0,KKR,bat,normal,MI,0,1,0,1,1
414,2013,Chennai,CSK,SRH,1,CSK,0,SRH,bat,normal,CSK,0,1,0,1,0
415,2013,Kolkata,KKR,KXIP,1,KKR,0,KXIP,bat,normal,KKR,0,1,0,1,0
416,2013,Jaipur,RR,SRH,1,RR,0,SRH,bat,normal,RR,0,1,0,1,0
417,2013,Mumbai,MI,MI,1,RCB,0,MI,bat,normal,MI,58,1,1,1,1
418,2013,Chennai,CSK,CSK,1,KKR,0,KKR,field,normal,CSK,14,0,1,0,1
419,2013,Raipur,Raipur,DD,1,RPS,0,RPS,field,normal,DD,15,0,1,0,2
420,2013,Jaipur,RR,RCB,1,RR,0,RR,field,normal,RR,0,0,0,0,0
421,2013,Mumbai,MI,MI,1,KXIP,0,MI,bat,normal,MI,4,1,1,1,1
422,2013,Pune,RPS,CSK,1,RPS,0,CSK,bat,normal,CSK,37,1,1,1,0
423,2013,Hyderabad,SRH,MI,1,SRH,0,MI,bat,normal,SRH,0,1,0,1,0
424,2013,Raipur,Raipur,KKR,1,DD,0,KKR,bat,normal,DD,0,1,0,1,2
425,2013,Chennai,CSK,CSK,1,KXIP,0,CSK,bat,normal,CSK,15,1,1,1,1
426,2013,Pune,RPS,RCB,1,RPS,0,RCB,bat,normal,RCB,17,1,1,1,0
427,2013,Kolkata,KKR,RR,1,KKR,0,RR,bat,normal,KKR,0,1,0,1,0
428,2013,Hyderabad,SRH,DD,1,SRH,0,DD,bat,normal,SRH,0,1,0,1,0
429,2013,Bangalore,RCB,RCB,1,KXIP,0,KXIP,field,normal,KXIP,0,0,0,0,1
430,2013,Mumbai,MI,MI,1,CSK,0,MI,bat,normal,MI,60,1,1,1,1
431,2013,Jaipur,RR,RPS,1,RR,0,RPS,bat,normal,RR,0,1,0,1,0
432,2013,Bangalore,RCB,SRH,1,RCB,0,SRH,bat,normal,RCB,0,1,0,1,0
433,2013,Jaipur,RR,DD,1,RR,0,DD,bat,normal,RR,0,1,0,1,0
434,2013,Mumbai,MI,MI,1,KKR,0,MI,bat,normal,MI,65,1,1,1,1
435,2013,Hyderabad,SRH,CSK,1,SRH,0,SRH,field,normal,CSK,77,0,1,0,0
436,2013,Chandigarh,KXIP,KXIP,1,RR,0,RR,field,normal,RR,0,0,0,0,1
437,2013,Pune,RPS,KKR,1,RPS,0,KKR,bat,normal,KKR,46,1,1,1,0
438,2013,Delhi,DD,RCB,1,DD,0,DD,field,normal,RCB,4,0,1,0,0
439,2013,Pune,RPS,RPS,1,MI,0,RPS,bat,normal,MI,0,1,0,1,1
440,2013,Chandigarh,KXIP,SRH,1,KXIP,0,KXIP,field,normal,SRH,30,0,1,0,0
441,2013,Ranchi,Ranchi,RCB,1,KKR,0,KKR,field,normal,KKR,0,0,0,0,2
442,2013,Jaipur,RR,CSK,1,RR,0,RR,field,normal,RR,0,0,0,0,0
443,2013,Delhi,DD,DD,1,KXIP,0,KXIP,field,normal,KXIP,0,0,0,0,1
444,2013,Mumbai,MI,SRH,1,MI,0,SRH,bat,normal,MI,0,1,0,1,0
445,2013,Ranchi,Ranchi,RPS,1,KKR,0,KKR,field,normal,RPS,7,0,1,0,2
446,2013,Chennai,CSK,CSK,1,DD,0,CSK,bat,normal,CSK,33,1,1,1,1
447,2013,Mumbai,MI,MI,1,RR,0,RR,field,normal,MI,14,0,1,0,1
448,2013,Chandigarh,KXIP,RCB,1,KXIP,0,KXIP,field,normal,KXIP,0,0,0,0,0
449,2013,Hyderabad,SRH,SRH,1,RR,0,SRH,bat,normal,SRH,23,1,1,1,1
450,2013,Dharamsala,Dharamsala,KXIP,1,MI,0,MI,field,normal,KXIP,50,0,1,0,2
451,2013,Pune,RPS,RPS,1,DD,0,RPS,bat,normal,RPS,38,1,1,1,1
452,2013,Bangalore,RCB,RCB,1,CSK,0,CSK,field,normal,RCB,24,0,1,0,1
453,2013,Hyderabad,SRH,KKR,1,SRH,0,KKR,bat,normal,SRH,0,1,0,1,0
454,2013,Delhi,DD,CSK,1,MI,0,CSK,bat,normal,CSK,48,1,1,1,2
455,2013,Delhi,DD,SRH,1,RR,0,SRH,bat,normal,RR,0,1,0,1,2
456,2013,Kolkata,KKR,RR,1,MI,0,RR,bat,normal,MI,0,1,0,1,2
457,2013,Kolkata,KKR,MI,1,CSK,0,MI,bat,normal,MI,23,1,1,1,2
458,2014,Abu Dhabi,Abu Dhabi,KKR,1,MI,0,KKR,bat,normal,KKR,41,1,1,1,2
459,2014,Sharjah,Sharjah,DD,1,RCB,0,RCB,field,normal,RCB,0,0,0,0,2
460,2014,Abu Dhabi,Abu Dhabi,CSK,1,KXIP,0,CSK,bat,normal,KXIP,0,1,0,1,2
461,2014,Abu Dhabi,Abu Dhabi,SRH,1,RR,0,RR,field,normal,RR,0,0,0,0,2
462,2014,Dubai,Dubai,MI,1,RCB,0,RCB,field,normal,RCB,0,0,0,0,2
463,2014,Dubai,Dubai,KKR,1,DD,0,KKR,bat,normal,DD,0,1,0,1,2
464,2014,Sharjah,Sharjah,RR,1,KXIP,0,KXIP,field,normal,KXIP,0,0,0,0,2
465,2014,Abu Dhabi,Abu Dhabi,CSK,1,DD,0,CSK,bat,normal,CSK,93,1,1,1,2
466,2014,Sharjah,Sharjah,KXIP,1,SRH,0,SRH,field,normal,KXIP,72,0,1,0,2
467,2014,Dubai,Dubai,CSK,1,RR,0,RR,field,normal,CSK,7,0,1,0,2
468,2014,Sharjah,Sharjah,KKR,1,RCB,0,RCB,field,normal,KKR,2,0,1,0,2
469,2014,Dubai,Dubai,SRH,1,DD,0,SRH,bat,normal,SRH,4,1,1,1,2
470,2014,Dubai,Dubai,MI,1,CSK,0,MI,bat,normal,CSK,0,1,0,1,2
471,2014,Abu Dhabi,Abu Dhabi,RCB,1,RR,0,RR,field,normal,RR,0,0,0,0,2
472,2014,Abu Dhabi,Abu Dhabi,KXIP,1,KKR,0,KKR,field,normal,KXIP,23,0,1,0,2
473,2014,Sharjah,Sharjah,MI,1,DD,0,MI,bat,normal,DD,0,1,0,1,2
474,2014,Sharjah,Sharjah,SRH,1,CSK,0,SRH,bat,normal,CSK,0,1,0,1,2
475,2014,Dubai,Dubai,RCB,1,KXIP,0,KXIP,field,normal,KXIP,0,0,0,0,2
476,2014,Abu Dhabi,Abu Dhabi,RR,1,KKR,0,RR,bat,tie,RR,0,1,1,1,2
477,2014,Dubai,Dubai,SRH,1,MI,0,MI,field,normal,SRH,15,0,1,0,2
478,2014,Ranchi,Ranchi,CSK,1,KKR,0,CSK,bat,normal,CSK,34,1,1,1,2
479,2014,Mumbai,MI,KXIP,1,MI,0,KXIP,bat,normal,MI,0,1,0,1,0
480,2014,Delhi,DD,DD,1,RR,0,RR,field,normal,RR,0,0,0,0,1
481,2014,Bangalore,RCB,SRH,1,RCB,0,RCB,field,normal,RCB,0,0,0,0,0
482,2014,Ahmedabad,Ahmedabad,RR,1,KKR,0,KKR,field,normal,RR,10,0,1,0,2
483,2014,Delhi,DD,DD,1,CSK,0,CSK,field,normal,CSK,0,0,0,0,1
484,2014,Mumbai,MI,MI,1,RCB,0,RCB,field,normal,MI,19,0,1,0,1
485,2014,Delhi,DD,DD,1,KKR,0,DD,bat,normal,KKR,0,1,0,1,1
486,2014,Cuttack,Cuttack,KXIP,1,CSK,0,CSK,field,normal,KXIP,44,0,1,0,2
487,2014,Ahmedabad,Ahmedabad,SRH,1,RR,0,RR,field,normal,SRH,32,0,1,0,2
488,2014,Bangalore,RCB,KXIP,1,RCB,0,RCB,field,normal,KXIP,32,0,1,0,0
489,2014,Delhi,DD,DD,1,SRH,0,SRH,field,normal,SRH,0,0,0,0,1
490,2014,Mumbai,MI,MI,1,CSK,0,CSK,field,normal,CSK,0,0,0,0,1
491,2014,Cuttack,Cuttack,KXIP,1,KKR,0,KKR,field,normal,KKR,0,0,0,0,2
492,2014,Bangalore,RCB,RCB,1,RR,0,RCB,bat,normal,RR,0,1,0,1,1
493,2014,Hyderabad,SRH,SRH,1,MI,0,SRH,bat,normal,MI,0,1,0,1,1
494,2014,Ranchi,Ranchi,RR,1,CSK,0,RR,bat,normal,CSK,0,1,0,1,2
495,2014,Bangalore,RCB,RCB,1,DD,0,DD,field,normal,RCB,16,0,1,0,1
496,2014,Hyderabad,SRH,SRH,1,KXIP,0,KXIP,field,normal,KXIP,0,0,0,0,1
497,2014,Cuttack,Cuttack,MI,1,KKR,0,KKR,field,normal,KKR,0,0,0,0,2
498,2014,Ahmedabad,Ahmedabad,RR,1,DD,0,DD,field,normal,RR,62,0,1,0,2
499,2014,Ranchi,Ranchi,CSK,1,RCB,0,CSK,bat,normal,RCB,0,1,0,1,2
500,2014,Hyderabad,SRH,SRH,1,KKR,0,SRH,bat,normal,KKR,0,1,0,1,1
501,2014,Ahmedabad,Ahmedabad,MI,1,RR,0,MI,bat,normal,MI,25,1,1,1,2
502,2014,Delhi,DD,DD,1,KXIP,0,KXIP,field,normal,KXIP,0,0,0,0,1
503,2014,Hyderabad,SRH,RCB,1,SRH,0,RCB,bat,normal,SRH,0,1,0,1,0
504,2014,Kolkata,KKR,CSK,1,KKR,0,KKR,field,normal,KKR,0,0,0,0,0
505,2014,Chandigarh,KXIP,KXIP,1,MI,0,MI,field,normal,MI,0,0,0,0,1
506,2014,Kolkata,KKR,KKR,1,RCB,0,RCB,field,normal,KKR,30,0,1,0,1
507,2014,Ranchi,Ranchi,CSK,1,SRH,0,SRH,field,normal,SRH,0,0,0,0,2
508,2014,Mumbai,MI,MI,1,DD,0,DD,field,normal,MI,15,0,1,0,1
509,2014,Chandigarh,KXIP,KXIP,1,RR,0,RR,field,normal,KXIP,16,0,1,0,1
510,2014,Bangalore,RCB,RCB,1,CSK,0,CSK,field,normal,CSK,0,0,0,0,1
511,2014,Kolkata,KKR,SRH,1,KKR,0,KKR,field,normal,KKR,0,0,0,0,0
512,2014,Chandigarh,KXIP,DD,1,KXIP,0,KXIP,field,normal,KXIP,0,0,0,0,0
513,2014,Mumbai,MI,RR,1,MI,0,MI,field,normal,MI,0,0,0,0,0
514,2014,Kolkata,KKR,KKR,1,KXIP,0,KXIP,field,normal,KKR,28,0,1,0,1
515,2014,Mumbai,MI,MI,1,CSK,0,CSK,field,normal,CSK,0,0,0,0,1
516,2014,Mumbai,MI,KXIP,1,CSK,0,CSK,field,normal,KXIP,24,0,1,0,2
517,2014,Bangalore,RCB,KXIP,1,KKR,0,KKR,field,normal,KKR,0,0,0,0,2
518,2015,Kolkata,KKR,MI,1,KKR,0,KKR,field,normal,KKR,0,0,0,0,0
519,2015,Chennai,CSK,CSK,1,DD,0,DD,field,normal,CSK,1,0,1,0,1
520,2015,Pune,RPS,RR,1,KXIP,0,KXIP,field,normal,RR,26,0,1,0,2
521,2015,Chennai,CSK,CSK,1,SRH,0,CSK,bat,normal,CSK,45,1,1,1,1
522,2015,Kolkata,KKR,KKR,1,RCB,0,RCB,field,normal,RCB,0,0,0,0,1
523,2015,Delhi,DD,DD,1,RR,0,RR,field,normal,RR,0,0,0,0,1
524,2015,Mumbai,MI,KXIP,1,MI,0,MI,field,normal,KXIP,18,0,1,0,0
525,2015,Bangalore,RCB,RCB,1,SRH,0,SRH,field,normal,SRH,0,0,0,0,1
526,2015,Ahmedabad,Ahmedabad,MI,1,RR,0,MI,bat,normal,RR,0,1,0,1,2
527,2015,Kolkata,KKR,CSK,1,KKR,0,KKR,field,normal,KKR,0,0,0,0,0
528,2015,Pune,RPS,KXIP,1,DD,0,KXIP,bat,normal,DD,0,1,0,1,2
529,2015,Visakhapatnam,Visakhapatnam,SRH,1,RR,0,RR,field,normal,RR,0,0,0,0,2
530,2015,Mumbai,MI,MI,1,CSK,0,MI,bat,normal,CSK,0,1,0,1,1
531,2015,Visakhapatnam,Visakhapatnam,DD,1,SRH,0,DD,bat,normal,DD,4,1,1,1,2
532,2015,Pune,RPS,KXIP,1,KKR,0,KKR,field,normal,KKR,0,0,0,0,2
533,2015,Ahmedabad,Ahmedabad,CSK,1,RR,0,CSK,bat,normal,RR,0,1,0,1,2
534,2015,Bangalore,RCB,MI,1,RCB,0,RCB,field,normal,MI,18,0,1,0,0
535,2015,Delhi,DD,DD,1,KKR,0,KKR,field,normal,KKR,0,0,0,0,1
536,2015,Ahmedabad,Ahmedabad,RR,1,KXIP,0,KXIP,field,tie,KXIP,0,0,0,0,2
537,2015,Visakhapatnam,Visakhapatnam,SRH,1,KKR,0,KKR,field,normal,SRH,16,0,1,0,2
538,2015,Bangalore,RCB,CSK,1,RCB,0,RCB,field,normal,CSK,27,0,1,0,0
539,2015,Delhi,DD,DD,1,MI,0,MI,field,normal,DD,37,0,1,0,1
540,2015,Ahmedabad,Ahmedabad,RR,1,RCB,0,RCB,field,normal,RCB,0,0,0,0,2
541,2015,Mumbai,MI,MI,1,SRH,0,MI,bat,normal,MI,20,1,1,1,1
542,2015,Chennai,CSK,CSK,1,KXIP,0,CSK,bat,normal,CSK,97,1,1,1,1
543,2015,Delhi,DD,DD,1,RCB,0,RCB,field,normal,RCB,0,0,0,0,1
544,2015,Chandigarh,KXIP,SRH,1,KXIP,0,KXIP,field,normal,SRH,20,0,1,0,0
545,2015,Kolkata,KKR,KKR,1,DD,0,KKR,bat,normal,KKR,13,1,1,1,1
547,2015,Chennai,CSK,CSK,1,KKR,0,KKR,field,normal,CSK,2,0,1,0,1
548,2015,Delhi,DD,KXIP,1,DD,0,DD,field,normal,DD,0,0,0,0,0
549,2015,Mumbai,MI,MI,1,RR,0,RR,field,normal,MI,8,0,1,0,1
550,2015,Bangalore,RCB,KKR,1,RCB,0,RCB,field,normal,RCB,0,0,0,0,0
551,2015,Hyderabad,SRH,SRH,1,CSK,0,CSK,field,normal,SRH,22,0,1,0,1
552,2015,Chandigarh,KXIP,MI,1,KXIP,0,MI,bat,normal,MI,23,1,1,1,0
553,2015,Mumbai,MI,RR,1,DD,0,DD,field,normal,RR,14,0,1,0,2
554,2015,Chennai,CSK,CSK,1,RCB,0,CSK,bat,normal,CSK,24,1,1,1,1
555,2015,Kolkata,KKR,KKR,1,SRH,0,SRH,field,normal,KKR,35,0,1,0,1
556,2015,Mumbai,MI,DD,1,MI,0,DD,bat,normal,MI,0,1,0,1,0
557,2015,Bangalore,RCB,RCB,1,KXIP,0,KXIP,field,normal,RCB,138,0,1,0,1
558,2015,Mumbai,MI,SRH,1,RR,0,RR,field,normal,SRH,7,0,1,0,2
559,2015,Chennai,CSK,CSK,1,MI,0,CSK,bat,normal,MI,0,1,0,1,1
560,2015,Kolkata,KKR,KXIP,1,KKR,0,KXIP,bat,normal,KKR,0,1,0,1,0
561,2015,Raipur,Raipur,SRH,1,DD,0,SRH,bat,normal,SRH,6,1,1,1,2
562,2015,Mumbai,MI,RCB,1,MI,0,RCB,bat,normal,RCB,39,1,1,1,0
563,2015,Chennai,CSK,CSK,1,RR,0,CSK,bat,normal,CSK,12,1,1,1,1
564,2015,Hyderabad,SRH,SRH,1,KXIP,0,SRH,bat,normal,SRH,5,1,1,1,1
565,2015,Raipur,Raipur,CSK,1,DD,0,CSK,bat,normal,DD,0,1,0,1,2
566,2015,Chandigarh,KXIP,KXIP,1,RCB,0,RCB,field,normal,KXIP,22,0,1,0,1
567,2015,Mumbai,MI,MI,1,KKR,0,KKR,field,normal,MI,5,0,1,0,1
568,2015,Hyderabad,SRH,SRH,1,RCB,0,SRH,bat,normal,RCB,0,1,0,1,1
569,2015,Chandigarh,KXIP,KXIP,1,CSK,0,KXIP,bat,normal,CSK,0,1,0,1,1
570,2015,Mumbai,MI,RR,1,KKR,0,RR,bat,normal,RR,9,1,1,1,2
572,2015,Hyderabad,SRH,SRH,1,MI,0,SRH,bat,normal,MI,0,1,0,1,1
573,2015,Mumbai,MI,MI,1,CSK,0,MI,bat,normal,MI,25,1,1,1,1
574,2015,Pune,RPS,RCB,1,RR,0,RCB,bat,normal,RCB,71,1,1,1,2
575,2015,Ranchi,Ranchi,RCB,1,CSK,0,CSK,field,normal,CSK,0,0,0,0,2
576,2015,Kolkata,KKR,MI,1,CSK,0,CSK,field,normal,MI,41,0,1,0,2
577,2016,Mumbai,MI,MI,1,RPS,0,MI,bat,normal,RPS,0,1,0,1,1
578,2016,Kolkata,KKR,DD,1,KKR,0,KKR,field,normal,KKR,0,0,0,0,0
579,2016,Chandigarh,KXIP,KXIP,1,GL,0,GL,field,normal,GL,0,0,0,0,1
580,2016,Bangalore,RCB,RCB,1,SRH,0,SRH,field,normal,RCB,45,0,1,0,1
581,2016,Kolkata,KKR,KKR,1,MI,0,MI,field,normal,MI,0,0,0,0,1
582,2016,Rajkot,GL,RPS,1,GL,0,RPS,bat,normal,GL,0,1,0,1,0
583,2016,Delhi,DD,KXIP,1,DD,0,DD,field,normal,DD,0,0,0,0,0
584,2016,Hyderabad,SRH,SRH,1,KKR,0,SRH,bat,normal,KKR,0,1,0,1,1
585,2016,Mumbai,MI,MI,1,GL,0,GL,field,normal,GL,0,0,0,0,1
586,2016,Chandigarh,KXIP,RPS,1,KXIP,0,RPS,bat,normal,KXIP,0,1,0,1,0
587,2016,Bangalore,RCB,RCB,1,DD,0,DD,field,normal,DD,0,0,0,0,1
588,2016,Hyderabad,SRH,MI,1,SRH,0,SRH,field,normal,SRH,0,0,0,0,0
589,2016,Chandigarh,KXIP,KXIP,1,KKR,0,KKR,field,normal,KKR,0,0,0,0,1
590,2016,Mumbai,MI,RCB,1,MI,0,MI,field,normal,MI,0,0,0,0,0
591,2016,Rajkot,GL,GL,1,SRH,0,SRH,field,normal,SRH,0,0,0,0,1
592,2016,Pune,RPS,RCB,1,RPS,0,RPS,field,normal,RCB,13,0,1,0,0
593,2016,Delhi,DD,DD,1,MI,0,MI,field,normal,DD,10,0,1,0,1
594,2016,Hyderabad,SRH,KXIP,1,SRH,0,SRH,field,normal,SRH,0,0,0,0,0
595,2016,Rajkot,GL,RCB,1,GL,0,RCB,bat,normal,GL,0,1,0,1,0
596,2016,Pune,RPS,RPS,1,KKR,0,KKR,field,normal,KKR,0,0,0,0,1
597,2016,Chandigarh,KXIP,MI,1,KXIP,0,KXIP,field,normal,MI,25,0,1,0,0
598,2016,Hyderabad,SRH,SRH,1,RPS,0,RPS,field,normal,RPS,34,0,0,0,1
599,2016,Delhi,DD,GL,1,DD,0,DD,field,normal,GL,1,0,1,0,0
600,2016,Mumbai,MI,KKR,1,MI,0,MI,field,normal,MI,0,0,0,0,0
601,2016,Pune,RPS,RPS,1,GL,0,GL,field,normal,GL,0,0,0,0,1
602,2016,Delhi,DD,DD,1,KKR,0,KKR,field,normal,DD,27,0,1,0,1
603,2016,Hyderabad,SRH,SRH,1,RCB,0,RCB,field,normal,SRH,15,0,1,0,1
604,2016,Rajkot,GL,KXIP,1,GL,0,GL,field,normal,KXIP,23,0,1,0,0
605,2016,Pune,RPS,RPS,1,MI,0,MI,field,normal,MI,0,0,0,0,1
606,2016,Bangalore,RCB,RCB,1,KKR,0,KKR,field,normal,KKR,0,0,0,0,1
607,2016,Rajkot,GL,GL,1,DD,0,DD,field,normal,DD,0,0,0,0,1
608,2016,Kolkata,KKR,KKR,1,KXIP,0,KXIP,field,normal,KKR,7,0,1,0,1
609,2016,Delhi,DD,DD,1,RPS,0,RPS,field,normal,RPS,0,0,0,0,1
610,2016,Hyderabad,SRH,GL,1,SRH,0,SRH,field,normal,SRH,0,0,0,0,0
611,2016,Bangalore,RCB,RPS,1,RCB,0,RCB,field,normal,RCB,0,0,0,0,0
612,2016,Chandigarh,KXIP,KXIP,1,DD,0,DD,field,normal,KXIP,9,0,1,0,1
613,2016,Visakhapatnam,Visakhapatnam,SRH,1,MI,0,MI,field,normal,SRH,85,0,1,0,2
614,2016,Kolkata,KKR,KKR,1,GL,0,GL,field,normal,GL,0,0,0,0,1
615,2016,Chandigarh,KXIP,RCB,1,KXIP,0,KXIP,field,normal,RCB,1,0,1,0,0
616,2016,Visakhapatnam,Visakhapatnam,SRH,1,RPS,0,SRH,bat,normal,SRH,4,1,1,1,2
617,2016,Bangalore,RCB,RCB,1,MI,0,MI,field,normal,MI,0,0,0,0,1
618,2016,Hyderabad,SRH,SRH,1,DD,0,DD,field,normal,DD,0,0,0,0,1
619,2016,Visakhapatnam,Visakhapatnam,MI,1,KXIP,0,MI,bat,normal,KXIP,0,1,0,1,2
620,2016,Bangalore,RCB,RCB,1,GL,0,GL,field,normal,RCB,144,0,1,0,1
621,2016,Kolkata,KKR,RPS,1,KKR,0,RPS,bat,normal,KKR,0,1,0,1,0
622,2016,Chandigarh,KXIP,KXIP,1,SRH,0,KXIP,bat,normal,SRH,0,1,0,1,1
623,2016,Visakhapatnam,Visakhapatnam,MI,1,DD,0,DD,field,normal,MI,80,0,1,0,2
624,2016,Kolkata,KKR,KKR,1,RCB,0,RCB,field,normal,RCB,0,0,0,0,1
625,2016,Visakhapatnam,Visakhapatnam,DD,1,RPS,0,RPS,field,normal,RPS,19,0,0,0,2
626,2016,Bangalore,RCB,RCB,1,KXIP,0,KXIP,field,normal,RCB,82,0,1,0,1
627,2016,Kanpur,Kanpur,KKR,1,GL,0,GL,field,normal,GL,0,0,0,0,2
628,2016,Raipur,Raipur,SRH,1,DD,0,DD,field,normal,DD,0,0,0,0,2
629,2016,Visakhapatnam,Visakhapatnam,KXIP,1,RPS,0,KXIP,bat,normal,RPS,0,1,0,1,2
630,2016,Kanpur,Kanpur,MI,1,GL,0,GL,field,normal,GL,0,0,0,0,2
631,2016,Kolkata,KKR,KKR,1,SRH,0,SRH,field,normal,KKR,22,0,1,0,1
632,2016,Raipur,Raipur,DD,1,RCB,0,RCB,field,normal,RCB,0,0,0,0,2
633,2016,Bangalore,RCB,GL,1,RCB,0,RCB,field,normal,RCB,0,0,0,0,0
634,2016,Delhi,DD,SRH,1,KKR,0,KKR,field,normal,SRH,22,0,1,0,2
635,2016,Delhi,DD,GL,1,SRH,0,SRH,field,normal,SRH,0,0,0,0,2
636,2016,Bangalore,RCB,SRH,1,RCB,0,SRH,bat,normal,SRH,8,1,1,1,0
7894,2018,Mumbai,MI,MI,1,CSK,0,CSK,field,normal,CSK,0,0,0,0,1
7895,2018,Mohali,KXIP,DD,1,KXIP,0,KXIP,field,normal,KXIP,0,0,0,0,0
7896,2018,Kolkata,KKR,RCB,1,KKR,0,KKR,field,normal,KKR,0,0,0,0,0
7897,2018,Hyderabad,SRH,RR,1,SRH,0,SRH,field,normal,SRH,0,0,0,0,0
7898,2018,Chennai,CSK,KKR,1,CSK,0,CSK,field,normal,CSK,0,0,0,0,0
7899,2018,Jaipur,RR,RR,1,DD,0,DD,field,normal,RR,10,0,1,0,1
7900,2018,Hyderabad,SRH,MI,1,SRH,0,SRH,field,normal,SRH,0,0,0,0,0
7901,2018,Bengaluru,RCB,KXIP,1,RCB,0,RCB,field,normal,RCB,0,0,0,0,0
7902,2018,Mumbai,MI,MI,1,DD,0,DD,field,normal,DD,0,0,0,0,1
7903,2018,Kolkata,KKR,KKR,1,SRH,0,SRH,field,normal,SRH,0,0,0,0,1
7904,2018,Bengaluru,RCB,RR,1,RCB,0,RCB,field,normal,RR,19,0,1,0,0
7905,2018,Mohali,KXIP,KXIP,1,CSK,0,CSK,field,normal,KXIP,4,0,1,0,1
7906,2018,Kolkata,KKR,KKR,1,DD,0,DD,field,normal,KKR,71,0,1,0,1
7907,2018,Mumbai,MI,MI,1,RCB,0,RCB,field,normal,MI,46,0,1,0,1
7908,2018,Jaipur,RR,RR,1,KKR,0,KKR,field,normal,KKR,0,0,0,0,1
7909,2018,Mohali,KXIP,KXIP,1,SRH,0,KXIP,bat,normal,KXIP,15,1,1,1,1
7910,2018,Pune,RPS,CSK,1,RR,0,RR,field,normal,CSK,64,0,1,0,2
7911,2018,Kolkata,KKR,KKR,1,KXIP,0,KXIP,field,normal,KXIP,0,0,0,0,1
7912,2018,Bengaluru,RCB,DD,1,RCB,0,RCB,field,normal,RCB,0,0,0,0,0
7913,2018,Hyderabad,SRH,CSK,1,SRH,0,SRH,field,normal,CSK,4,0,1,0,0
7914,2018,Jaipur,RR,MI,1,RR,0,MI,bat,normal,RR,0,1,0,1,0
7915,2018,Delhi,DD,KXIP,1,DD,0,DD,field,normal,KXIP,4,0,1,0,0
7916,2018,Mumbai,MI,SRH,1,MI,0,MI,field,normal,SRH,31,0,1,0,0
7917,2018,Bengaluru,RCB,RCB,1,CSK,0,CSK,field,normal,CSK,0,0,0,0,1
7918,2018,Hyderabad,SRH,SRH,1,KXIP,0,KXIP,field,normal,SRH,13,0,1,0,1
7919,2018,Delhi,DD,DD,1,KKR,0,KKR,field,normal,DD,55,0,1,0,1
7920,2018,Pune,RPS,CSK,1,MI,0,MI,field,normal,MI,0,0,0,0,2
7921,2018,Jaipur,RR,SRH,1,RR,0,SRH,bat,normal,SRH,11,1,1,1,0
7922,2018,Bengaluru,RCB,RCB,1,KKR,0,KKR,field,normal,KKR,0,0,0,0,1
7923,2018,Pune,RPS,CSK,1,DD,0,DD,field,normal,CSK,13,0,1,0,2
7924,2018,Bengaluru,RCB,RCB,1,MI,0,MI,field,normal,RCB,14,0,1,0,1
7925,2018,Delhi,DD,DD,1,RR,0,RR,field,normal,DD,4,0,1,0,1
7926,2018,Kolkata,KKR,CSK,1,KKR,0,KKR,field,normal,KKR,0,0,0,0,0
7927,2018,Indore,Indore,KXIP,1,MI,0,MI,field,normal,MI,0,0,0,0,2
7928,2018,Pune,RPS,RCB,1,CSK,0,CSK,field,normal,CSK,0,0,0,0,2
7929,2018,Hyderabad,SRH,DD,1,SRH,0,DD,bat,normal,SRH,0,1,0,1,0
7930,2018,Mumbai,MI,MI,1,KKR,0,KKR,field,normal,MI,13,0,1,0,1
7931,2018,Indore,Indore,RR,1,KXIP,0,KXIP,field,normal,KXIP,0,0,0,0,2
7932,2018,Hyderabad,SRH,SRH,1,RCB,0,RCB,field,normal,SRH,5,0,1,0,1
7933,2018,Jaipur,RR,RR,1,KXIP,0,RR,bat,normal,RR,15,1,1,1,1
7934,2018,Kolkata,KKR,MI,1,KKR,0,KKR,field,normal,MI,102,0,1,0,0
7935,2018,Delhi,DD,DD,1,SRH,0,DD,bat,normal,SRH,0,1,0,1,1
7936,2018,Jaipur,RR,CSK,1,RR,0,CSK,bat,normal,RR,0,1,0,1,0
7937,2018,Indore,Indore,KKR,1,KXIP,0,KXIP,field,normal,KKR,31,0,1,0,2
7938,2018,Delhi,DD,DD,1,RCB,0,RCB,field,normal,RCB,0,0,0,0,1
7939,2018,Pune,RPS,SRH,1,CSK,0,CSK,field,normal,CSK,0,0,0,0,2
7940,2018,Mumbai,MI,MI,1,RR,0,RR,field,normal,RR,0,0,0,0,1
7941,2018,Indore,Indore,KXIP,1,RCB,0,RCB,field,normal,RCB,0,0,0,0,2
7942,2018,Kolkata,KKR,RR,1,KKR,0,KKR,field,normal,KKR,0,0,0,0,0
7943,2018,Mumbai,MI,MI,1,KXIP,0,KXIP,field,normal,MI,3,0,1,0,1
7944,2018,Bengaluru,RCB,RCB,1,SRH,0,SRH,field,normal,RCB,14,0,1,0,1
7945,2018,Delhi,DD,DD,1,CSK,0,CSK,field,normal,DD,34,0,1,0,1
7946,2018,Jaipur,RR,RR,1,RCB,0,RR,bat,normal,RR,30,1,1,1,1
7947,2018,Hyderabad,SRH,SRH,1,KKR,0,SRH,bat,normal,KKR,0,1,0,1,1
7948,2018,Delhi,DD,DD,1,MI,0,DD,bat,normal,DD,11,1,1,1,1
7949,2018,Pune,RPS,KXIP,1,CSK,0,CSK,field,normal,CSK,0,0,0,0,2
7950,2018,Mumbai,MI,SRH,1,CSK,0,CSK,field,normal,CSK,0,0,0,0,2
7951,2018,Kolkata,KKR,KKR,1,RR,0,RR,field,normal,KKR,25,0,1,0,1
7952,2018,Kolkata,KKR,SRH,1,KKR,0,KKR,field,normal,SRH,14,0,1,0,0
7953,2018,Mumbai,MI,SRH,1,CSK,0,CSK,field,normal,CSK,0,0,0,0,2
11137,2019,Chennai,CSK,RCB,1,CSK,0,CSK,field,normal,CSK,0,0,0,0,0
11138,2019,Kolkata,KKR,SRH,1,KKR,0,KKR,field,normal,KKR,0,0,0,0,0
11139,2019,Mumbai,MI,DD,1,MI,0,MI,field,normal,DD,37,0,1,0,0
11140,2019,Jaipur,RR,KXIP,1,RR,0,RR,field,normal,KXIP,14,0,1,0,0
11141,2019,Delhi,DD,DD,1,CSK,0,DD,bat,normal,CSK,0,1,0,1,1
11142,2019,Kolkata,KKR,KKR,1,KXIP,0,KXIP,field,normal,KKR,28,0,1,0,1
11143,2019,Bengaluru,RCB,MI,1,RCB,0,RCB,field,normal,MI,6,0,1,0,0
11144,2019,Hyderabad,SRH,RR,1,SRH,0,RR,bat,normal,SRH,0,1,0,1,0
11145,2019,Mohali,KXIP,MI,1,KXIP,0,KXIP,field,normal,KXIP,0,0,0,0,0
11146,2019,Delhi,DD,KKR,1,DD,0,DD,field,tie,DD,0,0,0,0,0
11147,2019,Hyderabad,SRH,SRH,1,RCB,0,RCB,field,normal,SRH,118,0,1,0,1
11148,2019,Chennai,CSK,CSK,1,RR,0,RR,field,normal,CSK,8,0,1,0,1
11149,2019,Mohali,KXIP,KXIP,1,DD,0,DD,field,normal,KXIP,14,0,1,0,1
11150,2019,Jaipur,RR,RCB,1,RR,0,RR,field,normal,RR,0,0,0,0,0
11151,2019,Mumbai,MI,MI,1,CSK,0,CSK,field,normal,MI,37,0,1,0,1
11152,2019,Delhi,DD,DD,1,SRH,0,SRH,field,normal,SRH,0,0,0,0,1
11153,2019,Bengaluru,RCB,RCB,1,KKR,0,KKR,field,normal,KKR,0,0,0,0,1
11309,2019,Chennai,CSK,CSK,1,KXIP,0,CSK,bat,normal,CSK,22,1,1,1,1
11310,2019,Hyderabad,SRH,MI,1,SRH,0,SRH,field,normal,MI,40,0,1,0,0
11311,2019,Bengaluru,RCB,RCB,1,DD,0,DD,field,normal,DD,0,0,0,0,1
11312,2019,Jaipur,RR,RR,1,KKR,0,KKR,field,normal,KKR,0,0,0,0,1
11313,2019,Mohali,KXIP,SRH,1,KXIP,0,KXIP,field,normal,KXIP,0,0,0,0,0
11314,2019,Chennai,CSK,KKR,1,CSK,0,CSK,field,normal,CSK,0,0,0,0,0
11315,2019,Mumbai,MI,KXIP,1,MI,0,MI,field,normal,MI,0,0,0,0,0
11316,2019,Jaipur,RR,RR,1,CSK,0,CSK,field,normal,CSK,0,0,0,0,1
11317,2019,Kolkata,KKR,KKR,1,DD,0,DD,field,normal,DD,0,0,0,0,1
11318,2019,Mumbai,MI,MI,1,RR,0,RR,field,normal,RR,0,0,0,0,1
11319,2019,Mohali,KXIP,KXIP,1,RCB,0,RCB,field,normal,RCB,0,0,0,0,1
11320,2019,Kolkata,KKR,KKR,1,CSK,0,CSK,field,normal,CSK,0,0,0,0,1
11321,2019,Hyderabad,SRH,DD,1,SRH,0,SRH,field,normal,DD,39,0,1,0,0
11322,2019,Mumbai,MI,RCB,1,MI,0,MI,field,normal,MI,0,0,0,0,0
11323,2019,Mohali,KXIP,KXIP,1,RR,0,RR,field,normal,KXIP,12,0,1,0,1
11324,2019,Hyderabad,SRH,CSK,1,SRH,0,CSK,bat,normal,SRH,0,1,0,1,0
11325,2019,Delhi,DD,MI,1,DD,0,MI,bat,normal,MI,40,1,1,1,0
11326,2019,Kolkata,KKR,RCB,1,KKR,0,KKR,field,normal,RCB,10,0,1,0,0
11327,2019,Jaipur,RR,MI,1,RR,0,RR,field,normal,RR,0,0,0,0,0
11328,2019,Delhi,DD,KXIP,1,DD,0,DD,field,normal,DD,0,0,0,0,0
11329,2019,Hyderabad,SRH,KKR,1,SRH,0,SRH,field,normal,SRH,0,0,0,0,0
11330,2019,Bengaluru,RCB,RCB,1,CSK,0,CSK,field,normal,RCB,1,0,1,0,1
11331,2019,Jaipur,RR,RR,1,DD,0,DD,field,normal,DD,0,0,0,0,1
11332,2019,Chennai,CSK,SRH,1,CSK,0,CSK,field,normal,CSK,0,0,0,0,0
11333,2019,Bengaluru,RCB,RCB,1,KXIP,0,KXIP,field,normal,RCB,17,0,1,0,1
11334,2019,Kolkata,KKR,KKR,1,RR,0,RR,field,normal,RR,0,0,0,0,1
11335,2019,Chennai,CSK,MI,1,CSK,0,CSK,field,normal,MI,46,0,1,0,0
11336,2019,Jaipur,RR,SRH,1,RR,0,RR,field,normal,RR,0,0,0,0,0
11337,2019,Delhi,DD,DD,1,RCB,0,DD,bat,normal,DD,16,1,1,1,1
11338,2019,Kolkata,KKR,KKR,1,MI,0,MI,field,normal,KKR,34,0,1,0,1
11339,2019,Hyderabad,SRH,SRH,1,KXIP,0,KXIP,field,normal,SRH,45,0,1,0,1
11341,2019,Chennai,CSK,CSK,1,DD,0,DD,field,normal,CSK,80,0,1,0,1
11342,2019,Mumbai,MI,MI,1,SRH,0,MI,bat,tie,MI,0,1,1,1,1
11343,2019,Mohali,KXIP,KXIP,1,KKR,0,KKR,field,normal,KKR,0,0,0,0,1
11344,2019,Delhi,DD,RR,1,DD,0,RR,bat,normal,DD,0,1,0,1,0
11345,2019,Bengaluru,RCB,SRH,1,RCB,0,RCB,field,normal,RCB,0,0,0,0,0
11346,2019,Mohali,KXIP,CSK,1,KXIP,0,KXIP,field,normal,KXIP,0,0,0,0,0
11347,2019,Mumbai,MI,KKR,1,MI,0,MI,field,normal,MI,0,0,0,0,0
11412,2019,Chennai,CSK,CSK,1,MI,0,CSK,bat,normal,MI,0,1,0,1,1
11413,2019,Visakhapatnam,Visakhapatnam,SRH,1,DD,0,DD,field,normal,DD,0,0,0,0,2
11414,2019,Visakhapatnam,Visakhapatnam,DD,1,CSK,0,CSK,field,normal,CSK,0,0,0,0,2
11415,2019,Hyderabad,SRH,MI,1,CSK,0,MI,bat,normal,MI,1,1,1,1,2
